sequence,label
TACTAGCAATACGCTTGCGTTCGGTGGTTAAGTATGTATAATGCGCGGGCTTGTCGT,Promoter
TGCTATCCTGACAGTTGTCACGCTGATTGGTGTCGTTACAATCTAACGCATCGCCAA,Promoter
GTACTAGAGAACTAGTGCATTAGCTTATTTTTTTGTTATCATGCTAACCACCCGGCG,Promoter
AATTGTGATGTGTATCGAAGTGTGTTGCGGAGTAGATGTTAGAATACTAACAAACTC,Promoter
TCGATAATTAACTATTGACGAAAAGCTGAAAACCACTAGAATGCGCCTCCGTGGTAG,Promoter
AGGGGCAAGGAGGATGGAAAGAGGTTGCCGTATAAAGAAACTAGAGTCCGTTTAGGT,Promoter
CAGGGGGTGGAGGATTTAAGCCATCTCCTGATGACGCATAGTCAGCCCATCATGAAT,Promoter
TTTCTACAAAACACTTGATACTGTATGAGCATACAGTATAATTGCTTCAACAGAACA,Promoter
CGACTTAATATACTGCGACAGGACGTCCGTTCTGTGTAAATCGCAATGAAATGGTTT,Promoter
TTTTAAATTTCCTCTTGTCAGGCCGGAATAACTCCCTATAATGCGCCACCACTGACA,Promoter
GCAAAAATAAATGCTTGACTCTGTAGCGGGAAGGCGTATTATGCACACCCCGCGCCG,Promoter
CCTGAAATTCAGGGTTGACTCTGAAAGAGGAAAGCGTAATATACGCCACCTCGCGAC,Promoter
GATCAAAAAAATACTTGTGCAAAAAATTGGGATCCCTATAATGCGCCTCCGTTGAGA,Promoter
CTGCAATTTTTCTATTGCGGCCTGCGGAGAACTCCCTATAATGCGCCTCCATCGACA,Promoter
TTTATATTTTTCGCTTGTCAGGCCGGAATAACTCCCTATAATGCGCCACCACTGACA,Promoter
AAGCAAAGAAATGCTTGACTCTGTAGCGGGAAGGCGTATTATGCACACCGCCGCGCC,Promoter
ATGCATTTTTCCGCTTGTCTTCCTGAGCCGACTCCCTATAATGCGCCTCCATCGACA,Promoter
AAACAATTTCAGAATAGACAAAAACTCTGAGTGTAATAATGTAGCCTCGTGTCTTGC,Promoter
TCTCAACGTAACACTTTACAGCGGCGCGTCATTTGATATGATGCGCCCCGCTTCCCG,Promoter
GCAAATAATCAATGTGGACTTTTCTGCCGTGATTATAGACACTTTTGTTACGCGTTT,Promoter
GACACCATCGAATGGCGCAAAACCTTTCGCGGTATGGCATGATAGCGCCCGGAAGAG,Promoter
AAAAACGTCATCGCTTGCATTAGAAAGGTTTCTGGCCGACCTTATAACCATTAATTA,Promoter
TCTGAAATGAGCTGTTGACAATTAATCATCGAACTAGTTAACTAGTACGCAAGTTCA,Promoter
ACCGGAAGAAAACCGTGACATTTTAACACGTTTGTTACAAGGTAAAGGCGACGCCGC,Promoter
AAATTAAAATTTTATTGACTTAGGTCACTAAATACTTTAACCAATATAGGCATAGCG,Promoter
TTGTCATAATCGACTTGTAAACCAAATTGAAAAGATTTAGGTTTACAAGTCTACACC,Promoter
CATCCTCGCACCAGTCGACGACGGTTTACGCTTTACGTATAGTGGCGACAATTTTTT,Promoter
TCCAGTATAATTTGTTGGCATAATTAAGTACGACGAGTAAAATTACATACCTGCCCG,Promoter
ACAGTTATCCACTATTCCTGTGGATAACCATGTGTATTAGAGTTAGAAAACACGAGG,Promoter
TGTGCAGTTTATGGTTCCAAAATCGCCTTTTGCTGTATATACTCACAGCATAACTGT,Promoter
CTGTTGTTCAGTTTTTGAGTTGTGTATAACCCCTCATTCTGATCCCAGCTTATACGG,Promoter
ATTACAAAAAGTGCTTTCTGAACTGAACAAAAAAGAGTAAAGTTAGTCGCGTAGGGT,Promoter
ATGCGCAACGCGGGGTGACAAGGGCGCGCAAACCCTCTATACTGCGCGCCGAAGCTG,Promoter
TAAAAAACTAACAGTTGTCAGCCTGTCCCGCTTATAAGATCATACGCCGTTATACGT,Promoter
ATGCAATTTTTTAGTTGCATGAACTCGCATGTCTCCATAGAATGCGCGCTACTTGAT,Promoter
CCTTGAAAAAGAGGTTGACGCTGCAAGGCTCTATACGCATAATGCGCCCCGCAACGC,Promoter
TCGTTGTATATTTCTTGACACCTTTTCGGCATCGCCCTAAAATTCGGCGTCCTCATA,Promoter
CCGTTTATTTTTTCTACCCATATCCTTGAAGCGGTGTTATAATGCCGCGCCCTCGAT,Promoter
TTCGCATATTTTTCTTGCAAAGTTGGGTTGAGCTGGCTAGATTAGCCAGCCAATCTT,Promoter
TGTAAACTAATGCCTTTACGTGGGCGGTGATTTTGTCTACAATCTTACCCCCACGTA,Promoter
GATCGCACGATCTGTATACTTATTTGAGTAAATTAACCCACGATCCCAGCCATTCTT,Promoter
AACGCATACGGTATTTTACCTTCCCAGTCAAGAAAACTTATCTTATTCCCACTTTTC,Promoter
TTAGCGGATCCTACCTGACGCTTTTTATCGCAACTCTCTACTGTTTCTCCATACCCG,Promoter
GCCTTCTCCAAAACGTGTTTTTTGTTGTTAATTCGGTGTAGACTTGTAAACCTAAAT,Promoter
CAGAAACGTTTTATTCGAACATCGATCTCGTCTTGTGTTAGAATTCTAACATACGGT,Promoter
CACTAATTTATTCCATGTCACACTTTTCGCATCTTTGTTATGCTATGGTTATTTCAT,Promoter
ATATAAAAAAGTTCTTGCTTTCTAACGTGAAAGTGGTTTAGGTTAAAAGACATCAGT,Promoter
CAAGGTAGAATGCTTTGCCTTGTCGGCCTGATTAATGGCACGATAGTCGCATCGGAT,Promoter
GGCCAAAAAATATCTTGTACTATTTACAAAACCTATGGTAACTCTTTAGGCATTCCT,Promoter
TAGGCACCCCAGGCTTTACACTTTATGCTTCCGGCTCGTATGTTGTGTGGAATTGTG,Promoter
CCATCAAAAAAATATTCTCAACATAAAAAACTTTGTGTAATACTTGTAACGCTACAT,Promoter
TGGGGACGTCGTTACTGATCCGCACGTTTATGATATGCTATCGTACTCTTTAGCGAG,Promoter
TCAGAAATATTATGGTGATGAACTGTTTTTTTATCCAGTATAATTTGTTGGCATAAT,Promoter
ATGCGAGTGTTGAAGTTCGGCGGTACATCAGTGGCAAATGCAGAACGTTTTCTGCGTGTTGCCGATATTCTGGAAAGCAATGCCAGGCAGGGGCAGGTGGCCACCGTCCTCTCTGCCCCCGCCAAAATCACCAACCACCTGGTGGCGATGATTGAAAAAACCATTAGCGGCCAGGATGCTTTACCCAATATCAGCGATGCCGAACGTATTTTTGCCGAACTTTTGACGGGACTCGCCGCCGCCCAGCCGGGGTTCCCGCTGGCGCAATTGAAAACTTTCGTCGATCAGGAATTTGCCCAAATAAAACATGTCCTGCATGGCATTAGTTTGTTGGGGCAGTGCCCGGATAGCATCAACGCTGCGCTGATTTGCCGTGGCGAGAAAATGTCGATCGCCATTATGGCCGGCGTATTAGAAGCGCGCGGTCACAACGTTACTGTTATCGATCCGGTCGAAAAACTGCTGGCAGTGGGGCATTACCTCGAATCTACCGTCGATATTGCTGAGTCCACCCGCCGTATTGCGGCAAGCCGCATTCCGGCTGATCACATGGTGCTGATGGCAGGTTTCACCGCCGGTAATGAAAAAGGCGAACTGGTGGTGCTTGGACGCAACGGTTCCGACTACTCTGCTGCGGTGCTGGCTGCCTGTTTACGCGCCGATTGTTGCGAGATTTGGACGGACGTTGACGGGGTCTATACCTGCGACCCGCGTCAGGTGCCCGATGCGAGGTTGTTGAAGTCGATGTCCTACCAGGAAGCGATGGAGCTTTCCTACTTCGGCGCTAAAGTTCTTCACCCCCGCACCATTACCCCCATCGCCCAGTTCCAGATCCCTTGCCTGATTAAAAATACCGGAAATCCTCAAGCACCAGGTACGCTCATTGGTGCCAGCCGTGATGAAGACGAATTCCGGTCAAGGGCATTTCCAATCTGAATAACATGGCAATGTTCAGCGTTTCTGGTCCGGGGATGAAAGGGATGGTCGGCATGGCGGCGCGCGTCTTTGCAGCGATGTCACGCGCCCGTATTTCCGTGGTGCTGATTACGCAATCATCTTCCGAATACAGCATCAGTTTCTGCGTTCCACAAAGCGACTGTGTGCGAGCTGAACGGGCAATGCAGGAAGAGTTCTACCTGGAACTGAAAGAAGGCTTACTGGAGCCGCTGGCAGTGACGGAACGGCTGGCCATTATCTCGGTGGTAGGTGATGGTATGCGCACCTTGCGTGGGATCTCGGCGAAATTCTTTGCCGCACTGGCCCGCGCCAATATCAACATTGTCGCCATTGCTCAGGGATCTTCTGAACGCTCAATCTCTGTCGTGGTAAATAACGATGATGCGACCACTGGCGTGCGCGTTACTCATCAGATGCTGTTCAATACCGATCAGGTTATCGAAGTGTTTGTGATTGGCGTCGGTGGCGTTGGCGGTGCGCTGCTGGAGCAACTGAAGCGTCAGCAAAGCTGGCTGAAGAATAAACATATCGACTTACGTGTCTGCGGTGTTGCCAACTCGAAGGCTCTGCTCACCAATGTACATGGCCTTAATCTGGAAAACTGGCAGGAAGAACTGGCGCAAGCCAAAGAGCCGTTTAATCTCGGGCGCTTAATTCGCCTCGTGAAAGAATATCATCTGCTGAACCCGGTCATTGTTGACTGCACTTCCAGCCAGGCAGTGGCGGATCAATATGCCGACTTCCTGCGCGAAGGTTTCCACGTTGTCACGCCGAACAAAAAGGCCAACACCTCGTCGATGGATTACTACCATCAGTTGCGTTATGCGGCGGAAAAATCGCGGCGTAAATTCCTCTATGACACCAACTTGGGGCTGGATTACCGGTTATTGAGAACCTGCAAAATCTGCTCAATGCAGGTGATGAATTGATGAAGTTCTCCGGCATTCTTTCTGGTTCGCTTTCTTATATCTTCGGCAAGTTAGACGAAGGCATGAGTTTCTCCGAGGCGACCACGCTGGCGCGGGAAATGGGTTATACCGAACCGGACCCGCGAGATGATCTTTCTGGTATGGATGTGGCGCGTAAACTATTGATTCTCGCTCGTGAAACGGGACGTGAACTGGAGCTGGCGGATATTGAAATTGAACCTGTGCTGCCCGCAGAGTTTAACGCCGAGGGTGATGTTGCCGCTTTTATGGCGAATCTGTCACAACTCGACGATCTCTTTGCCGCGCGCGTGGCGAAGGCCCGTGATGAAGGAAAAGTTTTGCGCTATGTTGGCAATATTGATGAAGATGGCGTCTGCCGCGTGAAGATTGCCGAAGTGGATGGTAATGATCCGCTGTTCAAAGTGAAAAATGGCGAAAACGCCCTGGCCTTCTATAGCCACTATTATCAGCCGCTGCCGTTGGTACTGCGCGGATATGGTGCGGGCAATGACGTTACAGCTGCCGGTGTCTTTGCTGATCTGCTACGTACCCTCTCATGGAAGTTAGGAGTCTGA,Coding
ATGAAACGCATTAGCACCACCATTACCACCACCATCACCATTACCACAGGTAACGGTGCGGGCTGA,Coding
ATGGTTAAAGTTTATGCCCCGGCTTCCAGTGCCAATATGAGCGTCGGGTTTGATGTGCTCGGGGCGGCGGTGACACCTGTTGATGGTGCATTGCTCGGAGATGTAGTCACGGTTGAGGCGGCAGAGACATTCAGTCTCAACAACCTCGGACGCTTTGCCGATAAGCTGCCGTCAGAACCACGGGAAAATATCGTTTATCAGTGCTGGGAGCGTTTTTGCCAGGAACTGGGTAAGCAAATTCCAGTGGCGATGACCCTGGAAAAGAATATGCCGATCGGTTCGGGCTTAGGCTCCAGTGCCTGTTCGGTGGTCGCGGCGCTGATGGCGATGAATGAACACTGCGGCAAGCCGCTTAATGACACTCGTTTGCTGGCTTTGATGGGCGAGCTGGAAGGCCGTATCTCCGGCAGCATTCATTACGACAACGTGGCACCGTGTTTTCTCGGTGGTATGCAGTTGATGATCGAAGAAAACGACATCATCAGCCAGCAAGTGCCAGGGTTTGATGAGTGGCTGTGGGTGCTGGCGTATCCGGGGATTAAAGTCTCGACGGCAGAAGCCAGGGCTATTTTACCGGCGCAGTATCGCCGCCAGGATTGCATTGCGCACGGGCGACATCTGGCAGGCTTCATTCACGCCTGCTATTCCCGTCAGCCTGAGCTTGCCGCGAAGCTGATGAAAGATGTTATCGCTGAACCCTACCGTGAACGGTTACTGCCAGGCTTCCGGCAGGCGCGGCAGGCGGTCGCGGAAATCGGCGCGGTAGCGAGCGGTATCTCCGGCTCCGGCCCGACCTTGTTCGCTCTGTGTGACAAGCCGGAAACCGCCCAGCGCGTTGCCGACTGGTTGGGTAAGAACTACCTGCAAAATCAGGAAGGTTTTGTTCATATTTGCCGGCTGGATACGGCGGGCGCACGAGTACTGGAAAACTAA,Coding
ATGAAACTCTACAATCTGAAAGATCACAACGAGCAGGTCAGCTTTGCGCAAGCCGTAACCCAGGGGTTGGGCAAAAATCAGGGGCTGTTTTTTCCGCACGACCTGCCGGAATTCAGCCTGACTGAAATTGATGAGATGCTGAAGCTGGATTTTGTCACCCGCAGTGCGAAGATCCTCTCGGCGTTTATTGGTGATGAAATCCCACAGGAAATCCTGGAAGAGCGCGTGCGCGCGGCGTTTGCCTTCCCGGCTCCGGTCGCCAATGTTGAAAGCGATGTCGGTTGTCTGGAATTGTTCCACGGGCCAACGCTGGCATTTAAAGATTTCGGCGGTCGCTTTATGGCACAAATGCTGACCCATATTGCGGGTGATAAGCCAGTGACCATTCTGACCGCGACCTCCGGTGATACCGGAGCGGCAGTGGCTCATGCTTTCTACGGTTTACCGAATGTGAAAGTGGTTATCCTCTATCCACGAGGCAAAATCAGTCCACTGCAAGAAAAACTGTTCTGTACATTGGGCGGCAATATCGAAACTGTTGCCATCGACGGCGATTTCGATGCCTGTCAGGCGCTGGTGAAGCAGGCGTTTGATGATGAAGAACTGAAAGTGGCGCTAGGGTTAAACTCGGCTAACTCGATTAACATCAGCCGTTTGCTGGCGCAGATTTGCTACTACTTTGAAGCTGTTGCGCAGCTGCCGCAGGAGACGCGCAACCAGCTGGTTGTCTCGGTGCCAAGCGGAAACTTCGGCGATTTGACGGCGGGTCTGCTGGCGAAGTCACTCGGTCTGCCGGTGAAACGTTTTATTGCTGCGACCAACGTGAACGATACCGTGCCACGTTTCCTGCACGACGGTCAGTGGTCACCCAAAGCGACTCAGGCGACGTTATCCAACGCGATGGACGTGAGTCAGCCGAACAACTGGCCGCGTGTGGAAGAGTTGTTCCGCCGCAAAATCTGGCAACTGAAAGAGCTGGGTTATGCAGCCGTGGATGATGAAACCACGCAACAGACAATGCGTGAGTTAAAAGAACTGGGCTACACTTCGGAGCCGCACGCTGCCGTAGCTTATCGTGCGCTGCGTGATCAGTTGAATCCAGGCGAATATGGCTTGTTCCTCGGCACCGCGCATCCGGCGAAATTTAAAGAGAGCGTGGAAGCGATTCTCGGTGAAACGTTGGATCTGCCAAAAGAGCTGGCAGAACGTGCTGATTTACCCTTGCTTTCACATAATCTGCCCGCCGATTTTGCTGCGTTGCGTAAATTGATGATGAATCATCAGTAA,Coding
GTGAAAAAGATGCAATCTATCGTACTCGCACTTTCCCTGGTTCTGGTCGCTCCCATGGCAGCACAGGCTGCGGAAATTACGTTAGTCCCGTCAGTAAAATTACAGATAGGCGATCGTGATAATCGTGGCTATTACTGGGATGGAGGTCACTGGCGCGACCACGGCTGGTGGAAACAACATTATGAATGGCGAGGCAATCGCTGGCACCTACACGGACCGCCGCCACCGCCGCGCCACCATAAGAAAGCTCCTCATGATCATCACGGCGGTCATGGTCCAGGCAAACATCACCGCTAA,Coding
ATGCTGATTCTTATTTCACCTGCGAAAACGCTTGATTACCAAAGCCCGTTGACCACCACGCGCTATACGCTGCCGGAGCTGTTAGACAATTCCCAGCAGTTGATCCATGAGGCGCGGAAACTGACGCCTCCGCAGATTAGCACGCTGATGCGCATCAGCGACAAACTGGCGGGTATCAACGCCGCTCGCTTTCATGACTGGCAGCCAGATTTCACGCCGGCGAATGCCCGCCAGGCGATTCTGGCGTTTAAAGGTGATGTCTACACCGGCTTGCAGGCCGAAACCTTCAGCGAAGACGATTTCGATTTTGCCCAACAGCATTTGCGAATGCTTTCCGGCTTGTATGGCGTACTCCGCCCGCTCGATTTAATGCAGCCTTATCGTCTGGAAATGGGGATCCGTCTTGAGAATGCCCGAGGGAAAGATCTGTATCAATTCTGGGGAGATATCATCACCAACAAGCTGAACGAGGCGCTCGCAGCACAAGGCGATAATGTGGTGATTAATCTGGCGTCAGATGAGTATTTTAAATCGGTGAAGCCGAAGAAATTGAATGCCGAGATTATCAAGCCGGTGTTCCTCGATGAGAAGAACGGCAAATTTAAGATCATCAGCTTCTACGCTAAGAAAGCACGCGGTCTGATGAGTCGTTTCATTATTGAAAATCGGCTGACCAAACCAGAGCAACTGACTGGTTTTAATAGCGAAGGTTACTTCTTTGATGAAGATTCCTCCAGCAATGGCGAACTGGTGTTTAAACGCTACGAGCAGCGTTAA,Coding
ATGCCAGATTTTTTCTCCTTCATTAACAGCGTCCTTTGGGGATCGGTAATGATTTACCTGCTCTTCGGCGCAGGTTGTTGGTTCACTTTTCGCACCGGATTTGTGCAGTTTCGCTACATCCGCCAGTTTGGCAAAAGTCTTAAAAATAGCATTCATCCACAGCCAGGCGGTTTAACCTCATTTCAGTCATTGTGTACCAGTCTTGCGGCGCGCGTGGGTAGCGGCAACCTGGCCGGCGTTGCGCTGGCTATTACCGCCGGTGGACCTGGAGCCGTCTTTTGGATGTGGGTTGCCGCGTTTATCGGCATGGCGACCTCGTTTGCCGAATGTTCTCTGGCACAACTTTATAAAGAACGTGACGTCAATGGGCAGTTTCGTGGCGGACCGGCATGGTATATGGCGCGCGGGCTGGGGATGCGCTGGATGGGCGTTCTGTTCGCCGTCTTTTTGCTCATCGCCTATGGCATAATTTTCAGCGGAGTTCAAGCGAACGCCGTTGCCCGCGCCCTGAGTTTTTCTTTTGATTTTCCCCCGCTGGTGACAGGCATTATTCTCGCTGTCTTTACTCTGCTGGCAATCACTCGCGGTCTTCATGGCGTCGCCCGGCTCATGCAGGGCTTTGTCCCGTTGATGGCGATAATCTGGGTACTGACCAGCCTGGTAATTTGCGTAATGAATATCGGGCAACTTCCCCACGTCATTTGGTCTATTTTTGAGAGTGCTTTTGGCTGGCAGGAAGCGGCAGGCGGCGCGGCGGGATATACCTTAAGCCAGGCGATTACTAACGGTTTTCAGCGCAGTATGTTTTCCAATGAGGCGGGAATGGGTTCGACGCCAAACGCGGCAGCGGCAGCGGCGTCCTGGCCTCCGCATCCGGCAGCGCAAGGGATTGTCCAGATGATTGGCATTTTTATCGACACCCTGGTCATCTGTACGGCAAGCGCCATGCTGATATTACTGGCGGGTAACGGCACAACCTACATGCCGCTGGAAGGTATTCAGCTTATCCAGAAGGCGATGCGGGTGCTAATGGGTTCCTGGGGTGCTGAGTTTGTTACCCTTGTGGTTATTCTGTTTGCCTTCAGCTCCATCGTTGCCAACTACATTTATGCCGAAAACAATCTCTTCTTTTTACGCCTGAACAACCCTAAAGCGATCTGGTGTTTGCGGATCTGCACCTTCGCAACGGTCATCGGCGGCACCTTGCTAAGCCTTCCGCTGATGTGGCAACTGGCAGATATCATAATGGCCTGCATGGCTATTACCAATTTGACCGCCATTTTACTGCTCTCGCCTGTGGTTCATACCATTGCCAGTGATTATCTACGCCAGCGTAAACTCGGCGTGCGCCCGGTGTTTGATCCATTGCGTTATCCGGATATCGGTCGCCAGCTTTCTCCGGACGCGTGGGATGATGTTTCGCAGGAGTAA,Coding
ATGACGGACAAATTGACCTCCCTTCGTCAGTACACCACCGTAGTGGCCGACACTGGGGACATCGCGGCAATGAAGCTGTATCAACCGCAGGATGCCACAACCAACCCTTCTCTCATTCTTAACGCAGCGCAGATTCCGGAATACCGTAAGTTGATTGATGATGCTGTCGCCTGGGCGAAACAGCAGAGCAACGATCGCGCGCAGCAGATCGTGGACGCGACCGACAAACTGGCAGTAAATATTGGTCTGGAAATCCTGAAACTGGTTCCGGGCCGTATCTCAACTGAAGTTGATGCGCGTCTTTCCTATGACACCGAAGCGTCAATTGCGAAAGCAAAACGCCTGATCAAACTCTACAACGATGCTGGTATTAGCAACGATCGTATTCTGATCAAACTGGCTTCTACCTGGCAGGGTATCCGTGCTGCAGAACAGCTGGAAAAAGAAGGCATCAACTGTAACCTGACCCTGCTGTTCTCCTTCGCTCAGGCTCGTGCTTGTGCGGAAGCGGGCGTGTTCCTGATCTCGCCGTTTGTTGGCCGTATTCTTGACTGGTACAAAGCGAATACCGATAAGAAAGAGTACGCTCCGGCAGAAGATCCGGGCGTGGTTTCTGTATCTGAAATCTACCAGTACTACAAAGAGCACGGTTATGAAACCGTGGTTATGGGCGCAAGCTTCCGTAACATCGGCGAAATTCTGGAACTGGCAGGCTGCGACCGTCTGACCATCGCACCGGCACTGCTGAAAGAGCTGGCGGAGAGCGAAGGGGCTATCGAACGTAAACTGTCTTACACCGGCGAAGTGAAAGCGCGTCCGGCGCGTATCACTGAGTCCGAGTTCCTGTGGCAGCACAACCAGGATCCAATGGCAGTAGATAAACTGGCGGAAGGTATCCGTAAGTTTGCTATTGACCAGGAAAAACTGGAAAAAATGATCGGCGATCTGCTGTAA,Coding
ATGAATACTTTACGTATTGGCTTAGTTTCCATCTCTGATCGCGCATCCAGCGGCGTTTATCAGGATAAAGGCATCCCTGCGCTGGAAGAATGGCTGACATCGGCGCTAACCACGCCGTTTGAACTGGAAACCCGCTTAATCCCCGATGAGCAGGCGATCATCGAGCAAACGTTGTGTGAGCTGGTGGATGAAATGAGTTGCCATCTGGTGCTCACCACGGGCGGAACTGGCCCGGCGCGTCGTGACGTAACGCCCGATGCGACGCTGGCAGTAGCGGACCGCGAGATGCCTGGCTTTGGTGAACAGATGCGCCAGATCAGCCTGCATTTTGTACCAACTGCGATCCTTTCGCGTCAGGTGGGCGTGATTCGCAAACAGGCGCTGATCCTTAACTTACCCGGTCAGCCGAAGTCTATTAAAGAGACGCTGGAAGGTGTGAAGGACGCTGAGGGTAACGTTGTGGTACACGGTATTTTTGCCAGCGTACCGTACTGCATTCAGTTGCTGGAAGGGCCATACGTTGAAACGGCACCGGAAGTGGTTGCAGCATTCAGACCGAAGAGTGCAAGACGCGACGTTAGCGAATAA,Coding
ATGGGCAACACTAAGTTGGCTAATCCGGCACCGCTGGGCCTGATGGGCTTCGGCATGACCACCATTCTGCTTAACCTGCACAACGTGGGTTATTTCGCTCTGGACGGTATTATTCTTGCCATGGGCATTTTCTACGGCGGCATCGCGCAAATTTTTGCTGGTCTGCTGGAGTACAAAAAAGGCAACACTTTCGGTTTAACCGCATTCACCTCTTACGGTTCTTTCTGGCTGACGCTGGTTGCGATTCTGCTGATGCCGAAACTGGGTCTGACCGATGCGCCAAATGCACAGTTCCTTGGTGTCTACCTGGGTCTGTGGGGCGTATTTACGCTGTTTATGTTCTTCGGCACGCTGAAAGGCGCACGCGTTCTGCAATTCGTTTTCTTTAGCCTGACCGTGCTGTTTGCCCTGCTGGCGATCGGTAACATTGCCGGTAACGCCGCAATCATCCACTTTGCCGGCTGGATTGGGCTGATCTGCGGTGCCAGCGCAATCTATCTGGCGATGGGTGAAGTACTGAACGAGCAGTTTGGTCGCACCGTTCTGCCGATTGGTGAATCCCACTAA,Coding
ATGAATGTTAATTACCTGAATGATTCAGATCTGGATTTTCTTCAGCATTGTAGTGAGGAACAGTTGGCAAATTTCGCCCGATTGCTCACCCATAATGAAAAAGGCAAAACTCGCCTCTCCAGCGTACTGATGCGCAACGAACTGTTTAAATCGATGGAAGGGCATCCCGAGCAACATCGCCGCAACTGGCAGCTGATTGCCGGAGAATTACAGCATTTTGGTGGCGATAGTATCGCCAACAAACTGCGCGGACACGGTAAATTGTATCGGGCCATTTTGCTCGATGTTTCAAAGCGATTGAAGCTGAAAGCCGACAAAGAGATGTCTACGTTTGAAATTGAGCAACAGTTACTGGAACAATTTCTGCGTAATACCTGGAAGAAAATGGACGAGGAACATAAGCAGGAGTTTCTGCACGCGGTCGATGCCAGGGTGAATGAGCTGGAAGAGCTGCTGCCGCTGCTGATGAAAGACAAATTATTGGCAAAAGGTGTGTCGCATTTGCTTTCCAGCCAACTGACCCGCATTTTACGCACCCACGCAGCAATGAGCGTACTTGGGCATGGTTTGCTGCGCGGCGCGGGGCTGGGAGGCCCTGTAGGTGCGGCACTAAATGGGGTTAAAGCGGTCAGCGGCAGCGCCTATCGCGTGACGATTCCAGCCGTACTGCAAATCGCCTGCCTGCGCCGGATGGTTAGCGCCACTCAGGTCTGA,Coding
ATGCGGGTCAGTTGGCTGGAAAGCAAATGCGACACACCTTTTGCCAATAATTTGTCTTTCATCAGCAGCGGCAGCAGCTCTTCCAGCTCATTCACCCTGGCATCGACCGCGTGCAGAAACTCCTGCTTATGTTCCTCGTCCATTTTCTTCCAGGTATTACGCAGAAATTGTTCCAGTAACTGTTGCTCAATTTCAAACGTAGACATCTCTTTGTCGGCTTTCAGCTTCAATCGCTTTGAAACATCGAGCAAAATGGCCCGATACAATTTACCGTGTCCGCGCAGTTTGTTGGCGATACTATCGCCACCAAAATGCTGTAATTCTCCGGCAATCAGCTGCCAGTTGCGGCGATGTTGCTCGGGATGCCCTTCCATCGATTTAAACAGTTCGTTGCGCATCAGTACGCTGGAGAGGCGAGTTTTGCCTTTTTCATTATGGGTGAGCAATCGGGCGAAATTTGCCAACTGTTCCTCACTACAATGCTGA,Coding
ATGAAATCCGTTTTTACGATTTCCGCCAGCCTGGCGATTAGCCTGATGCTGTGCTGCACGGCGCAGGCAAACGACCATAAACTCCTCGGCGCCATTGCAATGCCGCGTAACGAAACCAACGATCTGGCGCTGAAACTTCCTGTTTGTCGCATTGTGAAACGCATACAACTCTCTGCCGACCATGGCGATTTACAGTTAAGCGGTGCATCGGTTTATTTCAAAGCCGCCCGTAGCGCCAGTCAGAGCCTGAATATTCCTTCAGAAATAAAAGAAGGGCAAACCACTGACTGGATCAACATTAACAGCGATAACGACAATAAACGCTGCGTCTCAAAAATCACCTTTTCGGGTCATACGGTGAACTCATCGGATATGGCCACGCTGAAAATTATCGGCGACGACTAA,Coding
ATGGGTAAAATAATTGGTATCGACCTGGGTACTACCAACTCTTGTGTAGCGATTATGGATGGCACCACTCCTCGCGTGCTGGAGAACGCCGAAGGCGATCGCACCACGCCTTCTATCATTGCCTATACCCAGGATGGTGAAACTCTAGTTGGTCAGCCGGCTAAACGTCAGGCAGTGACGAACCCGCAAAACACTCTGTTTGCGATTAAACGCCTGATTGGTCGCCGCTTCCAGGACGAAGAAGTACAGCGTGATGTTTCCATCATGCCGTTCAAAATTATTGCTGCTGATAACGGCGACGCATGGGTCGAAGTTAAAGGCCAGAAAATGGCACCGCCGCAGATTTCTGCTGAAGTGCTGAAAAAAATGAAGAAAACCGCTGAAGATTACCTGGGTGAACCGGTAACTGAAGCTGTTATCACCGTACCGGCATACTTTAACGATGCTCAGCGTCAGGCAACCAAAGACGCAGGCCGTATCGCTGGTCTGGAAGTAAAACGTATCATCAACGAACCGACCGCAGCTGCGCTGGCTTACGGTCTGGACAAAGGCACTGGCAACCGTACTATCGCGGTTTATGACCTGGGTGGTGGTACTTTCGATATTTCTATTATCGAAATCGACGAAGTTGACGGCGAAAAAACCTTCGAAGTTCTGGCAACCAACGGTGATACCCACCTGGGGGGTGAAGACTTCGACAGCCGTCTGATCAACTATCTGGTTGAAGAATTCAAGAAAGATCAGGGCATTGACCTGCGCAACGATCCGCTGGCAATGCAGCGCCTGAAAGAAGCGGCAGAAAAAGCGAAAATCGAACTGTCTTCCGCTCAGCAGACCGACGTTAACCTGCCATACATCACTGCAGACGCGACCGGTCCGAAACACATGAACATCAAAGTGACTCGTGCGAAACTGGAAAGCCTGGTTGAAGATCTGGTAAACCGTTCCATTGAGCCGCTGAAAGTTGCACTGCAGGACGCTGGCCTGTCCGTATCTGATATCGACGACGTTATCCTCGTTGGTGGTCAGACTCGTATGCCAATGGTTCAGAAGAAAGTTGCTGAGTTCTTTGGTAAAGAGCCGCGTAAAGACGTTAACCCGGACGAAGCTGTAGCAATCGGTGCTGCTGTTCAGGGTGGTGTTCTGACTGGTGACGTAAAAGACGTACTGCTGCTGGACGTTACCCCGCTGTCTCTGGGTATCGAAACCATGGGCGGTGTGATGACGACGCTGATCGCGAAAAACACCACTATCCCGACCAAGCACAGCCAGGTGTTCTCTACCGCTGAAGACAACCAGTCTGCGGTAACCATCCATGTGCTGCAGGGTGAACGTAAACGTGCGGCTGATAACAAATCTCTGGGTCAGTTCAACCTAGATGGTATCAACCCGGCACCGCGCGGCATGCCGCAGATCGAAGTTACCTTCGATATCGATGCTGACGGTATCCTGCACGTTTCCGCGAAAGATAAAAACAGCGGTAAAGAGCAGAAGATCACCATCAAGGCTTCTTCTGGTCTGAACGAAGATGAAATCCAGAAAATGGTACGCGACGCAGAAGCTAACGCCGAAGCTGACCGTAAGTTTGAAGAGCTGGTACAGACTCGCAACCAGGGCGACCATCTGCTGCACAGCACCCGTAAGCAGGTTGAAGAAGCAGGCGACAAACTGCCGGCTGACGACAAAACTGCTATCGAGTCTGCGCTGACTGCACTGGAAACTGCTCTGAAAGGTGAAGACAAAGCCGCTATCGAAGCGAAAATGCAGGAACTGGCACAGGTTTCCCAGAAACTGATGGAAATCGCCCAGCAGCAACATGCCCAGCAGCAGACTGCCGGTGCTGATGCTTCTGCAAACAACGCGAAAGATGACGATGTTGTCGACGCTGAATTTGAAGAAGTCAAAGACAAAAAATAA,Coding
ATGGCTAAGCAAGATTATTACGAGATTTTAGGCGTTTCCAAAACAGCGGAAGAGCGTGAAATCAGAAAGGCCTACAAACGCCTGGCCATGAAATACCACCCGGACCGTAACCAGGGTGACAAAGAGGCCGAGGCGAAATTTAAAGAGATCAAGGAAGCTTATGAAGTTCTGACCGACTCGCAAAAACGTGCGGCATACGATCAGTATGGTCATGCTGCGTTTGAGCAAGGTGGCATGGGCGGCGGCGGTTTTGGCGGCGGCGCAGACTTCAGCGATATTTTTGGTGACGTTTTCGGCGATATTTTTGGCGGCGGACGTGGTCGTCAACGTGCGGCGCGCGGTGCTGATTTACGCTATAACATGGAGCTCACCCTCGAAGAAGCTGTACGTGGCGTGACCAAAGAGATCCGCATTCCGACTCTGGAAGAGTGTGACGTTTGCCACGGTAGCGGTGCAAAACCAGGTACACAGCCGCAGACTTGTCCGACCTGTCATGGTTCTGGTCAGGTGCAGATGCGCCAGGGATTCTTCGCTGTACAGCAGACCTGTCCACACTGTCAGGGCCGCGGTACGCTGATCAAAGATCCGTGCAACAAATGTCATGGTCATGGTCGTGTTGAGCGCAGCAAAACGCTGTCCGTTAAAATCCCGGCAGGGGTGGACACTGGAGACCGCATCCGTCTTGCGGGCGAAGGTGAAGCGGGCGAGCATGGCGCACCGGCAGGCGATCTGTACGTTCAGGTTCAGGTTAAACAGCACCCGATTTTCGAGCGTGAAGGCAACAACCTGTATTGCGAAGTCCCGATCAACTTCGCTATGGCGGCGCTGGGTGGCGAAATCGAAGTACCGACCCTTGATGGTCGCGTCAAACTGAAAGTGCCTGGCGAAACCCAGACCGGTAAGCTATTCCGTATGCGCGGTAAAGGCGTCAAGTCTGTCCGCGGTGGCGCACAGGGTGATTTGCTGTGCCGCGTTGTCGTCGAAACACCGGTAGGCCTGAACGAAAGGCAGAAACAGCTGCTGCAAGAGCTGCAAGAAAGCTTCGGTGGCCCAACCGGCGAGCACAACAGCCCGCGCTCAAAGAGCTTCTTTGATGGTGTGAAGAAGTTTTTTGACGACCTGACCCGCTAA,Coding
ATGAATTACTCTCACGATAACTGGTCAGCAATTCTGGCCCATATTGGTAAGCCCGAAGAACTGGATACTTCGGCACGTAATGCCGGGGCTCTAACCCGCCGCCGCGAAATTCGTGATGCTGCAACTCTGCTACGTCTGGGGCTGGCTTACGGCCCCGGGGGGATGTCATTACGTGAAGTCACTGCATGGGCTCAGCTCCATGACGTTGCAACATTATCTGACGTGGCTCTCCTGAAGCGGCTGCGGAATGCCGCCGACTGGTTTGGCATACTTGCCGCACAAACACTTGCTGTACGCGCCGCAGTTACGGGTTGTACAAGCGGAAAGAGATTGCGTCTTGTCGATGGAACAGCAATCAGTGCGCCCGGGGGCGGCAGCGCTGAATGGCGACTACATATGGGATATGATCCTCATACCTGTCAGTTCACTGATTTTGAGCTAACCGACAGCAGAGACGCTGAACGGCTGGACCGATTTGCGCAAACGGCAGACGAGATACGCATTGCTGACCGGGGATTCGGTTCGCGTCCCGAATGTATCCGCTCACTTGCTTTTGGAGAAGCTGATTATATCGTCCGGGTTCACTGGCGAGGATTGCGCTGGTTAACTGCAGAAGGAATGCGCTTTGACATGATGGGTTTTCTGCGCGGGCTGGATTGCGGTAAGAACGGTGAAACCACTGTAATGATAGGCAATTCAGGTAATAAAAAAGCCGGAGCTCCCTTTCCGGCACGTCTCATTGCCGTATCACTTCCTCCCGAAAAAGCATTAATCAGTAAAACCCGACTGCTCAGCGAGAATCGTCGAAAAGGACGAGTAGTTCAGGCGGAAACGCTGGAAGCAGCGGGCCATGTGCTATTGCTAACATCATTACCGGAAGATGAATATTCAGCAGAGCAAGTGGCTGATTGTTACCGTCTGCGATGGCAAATTGAACTGGCTTTTAAGCGGCTCAAAAGTTTGCTGCACCTGGATGCTTTGCGTGCAAAGGAACCTGAACTCGCGAAAGCGTGGATATTTGCTAATCTACTCGCCGCATTTTTAATTGACGACATAATCCAGCCATCGCTGGATTTCCCCCCCAGAAGTGCCGGATCCGAAAAGAAGAACTAA,Coding
ATGCTGAACACATGTAGAGTGCCTCTTACTGACCGTAAGGTCAAGGAGAAGAGAGCAATGAAGCAGCATAAGGCGATGATTGTCGCCCTGATCGTCATCTGTATCACCGCCGTAGTGGCGGCGCTGGTAACGAGAAAAGACCTCTGTGAGGTTCACATCCGAACTGGCCAGACGGAGGTTGCTGTTTTCACGGCTTACGAATCCGAGTAA,Coding
ATGAAGCAGCATAAGGCGATGATTGTCGCCCTGATCGTCATCTGTATCACCGCCGTAGTGGCGGCGCTGGTAACGAGAAAAGACCTCTGTGAGGTTCACATCCGAACTGGCCAGACGGAGGTTGCTGTTTTCACGGCTTACGAATCCGAGTAA,Coding
GTGAAACATCTGCATCGATTCTTTAGCAGTGATGCCTCGGGAGGCATTATTCTTATCATTGCCGCTATCCTGGCGATGATTATGGCCAACAGCGGCGCAACCAGTGGATGGTATCACGACTTTCTGGAGACGCCGGTTCAGCTCCGGGTTGGTTCACTCGAAATCAACAAAAACATGCTGTTATGGATAAATGACGCGCTGATGGCGGTATTTTTCCTGTTAGTCGGTCTGGAAGTTAAACGTGAACTGATGCAAGGATCGCTAGCCAGCTTACGCCAGGCCGCATTTCCAGTTATCGCCGCTATTGGTGGGATGATTGTGCCGGCATTACTCTATCTGGCTTTTAACTATGCCGATCCGATTACCCGCGAAGGGTGGGCGATCCCGGCGGCTACTGACATTGCTTTTGCACTTGGTGTACTGGCGCTGTTGGGAAGTCGTGTTCCGTTAGCGCTGAAGATCTTTTTGATGGCTCTGGCTATTATCGACGATCTTGGGGCCATCATTATCATCGCATTGTTCTACACTAATGACTTATCGATGGCCTCTCTTGGCGTCGCGGCTGTAGCAATTGCGGTACTCGCGGTATTGAATCTGTGTGGTGCACGCCGCACGGGCGTCTATATTCTTGTTGGCGTGGTGTTGTGGACTGCGGTGTTGAAATCGGGGGTTCACGCAACTCTGGCGGGGGTAATTGTCGGCTTCTTTATTCCTTTGAAAGAGAAGCATGGGCGTTCTCCAGCGAAGCGACTGGAGCATGTGTTGCACCCGTGGGTGGCGTATCTGATTTTGCCGCTGTTTGCATTTGCTAATGCTGGCGTTTCACTGCAAGGCGTCACGCTGGATGGCTTGACCTCCATTCTGCCATTGGGGATCATCGCTGGCTTGCTGATTGGCAAACCGCTGGGGATTAGTCTGTTCTGCTGGTTGGCGCTGCGTTTGAAACTGGCGCATCTGCCTGAGGGAACGACTTATCAGCAAATTATGGTGGTGGGGATCCTGTGCGGTATCGGTTTTACTATGTCTATCTTTATTGCCAGCCTGGCCTTTGGTAGCGTAGATCCAGAACTGATTAACTGGGCGAAACTCGGTATCCTGGTCGGTTCTATCTCTTCGGCGGTAATTGGATACAGCTGGTTACGCGTTCGTTTGCGTCCATCAGTTTGA,Coding
ATGAGCATGTCTCATATCAATTACAACCACTTGTATTACTTCTGGCATGTCTATAAAGAAGGTTCCGTGGTTGGCGCAGCGGAGGCGCTTTATTTAACTCCACAAACCATTACCGGACAGATTCGAGCGCTGGAAGAGCGCCTGCAAGGCAAATTATTTAAACGCAAGGGACGTGGTCTCGAACCCAGCGAGCTGGGAGAACTGGTCTATCGCTATGCCGATAAAATGTTCACCTTAAGCCAGGAAATGCTGGATATTGTGAACTATCGCAAAGAATCCAATTTATTGTTTGACGTTGGCGTGGCTGATGCACTTTCCAAACGCCTGGTCAGTAGCGTACTTAACGCCGCAGTGGTAGAAGGCGAGCCCATTCATCTTCGCTGCTTCGAATCCACCCACGAAATGCTGCTGGAGCAATTAAGTCAGCATAAACTGGATATGATCATTTCTGACTGTCCGATAGACTCTACGCAGCAGGAAGGCCTGTTCTCCGTGAGAATTGGCGAATGTGGCGTGAGTTTCTGGTGTACAAATCCACCACCAGAAAAACCGTTCCCGGCTTGTCTGGAAGAACGGCGACTTTTGATTCCTGGGCGACGTTCAATGTTAGGGCGCAAATTGCTTAACTGGTTTAACTCCCAGGGATTAAACGTAGAAATCCTCGGCGAGTTTGATGATGCCGCTTTGATGAAAGCTTTTGGTGCGATGCACAATGCAATCTTCGTTGCCCCAACGCTTTATGCATATGACTTTTATGCCGATAAAACTGTCGTAGAAATTGGTCGCGTCGAGAATGTGATGGAAGAGTACCATGCTATTTTTGCTGAGCGGATGATTCAGCACCCGGCGGTACAGCGAATCTGCAATACGGATTATTCTGCGCTTTTTAGTCCAGCGGTGCGTTAA,Coding
ATGCCGGGCAACAGCCCGCATTATGGGCGTTGGCCTCAACACGATTTTACGTCACTTAAAAAACTCAGGCCGCAGTCGGTAACCTCGCGCATACAGCCGGGCAGTGACGTCATCGTCTGCGCGGAAATGGACGAACAGTGGGGCTATGTCGGGGCTAAATCGCGCCAGCGCTGGCTGTTTTACGCGTATGACAGTCTCCGGAAGACGGTTGTTGCGCACGTATTCGGTGAACGCACTATGGCGACGCTGGGGCGTCTTATGAGCCTGCTGTCACCCTTTGACGTGGTGATATGGATGACGGATGGCTGGCCGCTGTATGAATCCCGCCTGAAGGGAAAGCTGCACGTAATCAGCAAGCGATATACGCAGCGAATTGAGCGGCATAACCTGAATCTGAGGCAGCACCTGGCACGGCTGGGACGGAAGTCGCTGTCGTTCTCAAAATCGGTGGAGCTGCATGACAAAGTCATCGGGCATTATCTGAACATAAAACACTATCAATAA,Coding
GTGGCTTCTGTTTCTATCAGCTGTCCCTCCTGTTCAGCTACTGACGGGGTGGTGCGTAACGGCAAAAGCACCGCCGGACATCAGCGCTATCTCTGCTCTCACTGCCGTAAAACATGGCAACTGCAGTTCACTTACACCGCTTCTCAACCCGGTACGCACCAGAAAATCATTGATATGGCCATGAATGGCGTTGGATGCCGGGCAACAGCCCGCATTATGGGCGTTGGCCTCAACACGATTTTACGTCACTTAAAAAACTCAGGCCGCAGTCGGTAA,Coding
TTGGCTAATATCAAATCAGCTAAGAAGCGCGCCATTCAGTCTGAAAAGGCTCGTAAGCACAACGCAAGCCGTCGCTCTATGATGCGTACTTTCATCAAGAAAGTATACGCAGCTATCGAAGCTGGCGACAAAGCTGCTGCACAGAAAGCATTTAACGAAATGCAACCGATCGTGGACCGTCAGGCTGCTAAAGGTCTGATCCACAAAAACAAAGCTGCACGTCATAAGGCTAACCTGACTGCACAGATCAACAAACTGGCTTAA,Coding
ATGTGCCGGCACTCGTTACGTAGTGATGGCGCAGGATTCTACCAGCTTGCGGGGTGTGAATACAGCTTTTCCGCGATAAAAATTGCAGCAGGCGGTCAGTTTCTTCCCGTGATTTGCGCCATGGCAATGAAAAGCCACTTCTTTCTGATTTCGGTACTCAATCGCCGGTTAACCTTGACCGCTGTACAAGGTATACTCGGACGATTTTCACTGTTTTGA,Coding
ATGAAGCTGATACGCGGCATACATAATCTCAGCCAGGCCCCGCAAGAAGGGTGTGTGCTGACTATTGGTAATTTCGACGGCGTGCATCGCGGTCATCGCGCGCTGTTACAGGGCTTGCAGGAAGAAGGGCGCAAGCGCAACTTACCGGTGATGGTGATGCTTTTTGAACCTCAACCACTGGAACTGTTTGCTACCGATAAAGCCCCGGCAAGACTGACCCGGCTGCGGGAAAAACTGCGTTACCTTGCAGAGTGTGGCGTTGATTACGTGCTGTGCGTGCGTTTCGACAGGCGTTTCGCGGCGTTAACCGCGCAAAATTTCATCAGCGATCTTCTGGTGAAGCATTTGCGCGTAAAATTTCTTGCCGTAGGTGATGATTTCCGCTTTGGCGCTGGTCGTGAAGGCGATTTCTTGTTATTACAGAAAGCTGGCATGGAATACGGCTTCGATATCACCAGTACGCAAACTTTTTGCGAAGGTGGCGTGCGCATCAGCAGCACCGCCGTGCGTCAGGCCCTTGCGGATGACAATCTGGCTCTGGCAGAGAGTTTACTGGGGCACCCGTTTGCCATCTCCGGGCGTGTAGTCCACGGTGATGAATTAGGGCGCACTATAGGTTTCCCGACGGCGAATGTACCGCTGCGCCGTCAGGTTTCCCCGGTGAAAGGGGTTTATGCGGTAGAAGTGCTGGGCCTCGGTGAAAAGCCGTTACCCGGCGTGGCAAACATCGGAACACGCCCAACGGTTGCCGGTATTCGCCAGCAGCTGGAAGTGCATTTGTTAGATGTTGCAATGGACCTTTACGGTCGCCATATACAAGTAGTGCTGCGTAAAAAAATACGCAATGAGCAGCGATTTGCGTCGCTGGACGAACTGAAAGCGCAGATTGCGCGTGATGAATTAACCGCCCGCGAATTTTTTGGGCTAACAAAACCGGCTTAA,Coding
ATGAGTGACTATAAATCAACCCTGAATTTGCCGGAAACAGGGTTCCCGATGCGTGGCGATCTCGCCAAGCGCGAACCCGGAATGCTGGCGCGTTGGACTGATGATGATCTGTACGGCATCATCCGTGCGGCTAAAAAAGGCAAAAAAACCTTCATTCTGCATGATGGCCCTCCTTATGCGAATGGCAGCATTCATATTGGTCACTCGGTTAACAAGATTCTGAAAGACATTATCGTGAAGTCCAAAGGGCTTTCCGGTTATGACTCGCCGTATGTGCCTGGCTGGGACTGCCACGGTCTGCCGATCGAGCTGAAAGTCGAGCAAGAATACGGTAAGCCGGGTGAGAAATTCACCGCCGCCGAGTTCCGCGCCAAGTGCCGCGAATACGCGGCGACCCAGGTTGACGGTCAACGCAAAGACTTTATCCGTCTGGGCGTGCTGGGCGACTGGTCGCACCCGTACCTGACCATGGACTTCAAAACTGAAGCCAACATCATCCGCGCGCTGGGCAAAATCATCGGCAACGGTCACCTGCACAAAGGCGCGAAGCCAGTTCACTGGTGCGTTGACTGCCGTTCTGCGCTGGCGGAAGCGGAAGTTGAGTATTACGACAAAACTTCTCCGTCCATCGACGTTGCTTTCCAGGCAGTCGATCAGGATGCACTGAAAGCAAAATTTGCCGTAAGCAACGTTAACGGCCCAATCTCGCTGGTAATCTGGACCACCACGCCGTGGACTCTGCCTGCCAACCGCGCAATCTCTATTGCACCAGATTTCGACTATGCGCTGGTGCAGATCGACGGTCAGGCCGTGATTCTGGCGAAAGATCTGGTTGAAAGCGTAATGCAGCGTATCGGCGTGACCGATTACACCATTCTCGGCACGGTAAAAGGTGCGGAGCTTGAGCTGCTGCGCTTTACCCATCCGTTTATGGGCTTCGACGTTCCGGCAATCCTCGGCGATCACGTTACCCTGGATGCCGGTACCGGTGCCGTTCACACCGCGCCTGGCCACGGCCCGGACGACTATGTGATCGGTCAGAAATACGGCCTGGAAACCGCTAACCCGGTTGGCCCGGACGGCACTTATCTGCCGGGCACTTATCCGACGCTGGATGGCGTGAACGTCTTCAAAGCGAACGACATCGTCGTTGCGCTGCTGCAGGAAAAAGGCGCGCTGCTGCACGTTGAGAAAATGCAGCACAGCTATCCGTGCTGCTGGCGTCACAAAACGCCGATCATCTTCCGCGCGACGCCGCAGTGGTTCGTCAGCATGGATCAGAAAGGTCTGCGTGCGCAGTCACTGAAAGAGATCAAAGGCGTGCAGTGGATCCCGGACTGGGGCCAGGCGCGTATCGAGTCGATGGTTGCTAACCGTCCTGACTGGTGTATCTCCCGTCAGCGCACCTGGGGTGTACCGATGTCACTGTTCGTGCACAAAGACACGGAAGAGCTGCATCCGCGTACCCTTGAACTGATGGAAGAAGTGGCAAAACGCGTTGAAGTCGATGGCATCCAGGCGTGGTGGGATCTCGATGCGAAAGAGATCCTCGGCGACGAAGCTGATCAGTACGTGAAAGTGCCGGACACATTGGATGTATGGTTTGACTCCGGATCTACCCACTCTTCTGTTGTTGACGTGCGTCCGGAATTTGCCGGTCACGCAGCGGACATGTATCTGGAAGGTTCTGACCAACACCGCGGCTGGTTCATGTCTTCCCTAATGATCTCCACCGCGATGAAGGGTAAAGCGCCGTATCGTCAGGTACTGACCCACGGCTTTACCGTGGATGGTCAGGGCCGCAAGATGTCTAAATCCATCGGCAATACCGTTTCGCCGCAGGATGTGATGAACAAACTGGGCGCGGATATTCTGCGTCTGTGGGTGGCATCAACCGACTACACCGGTGAAATGGCCGTTTCTGACGAGATCCTGAAACGTGCTGCCGATAGCTATCGTCGTATCCGTAACACCGCGCGCTTCCTGCTGGCAAACCTGAACGGTTTTGATCCAGCAAAAGATATGGTGAAACCGGAAGAGATGGTGGTACTGGATCGCTGGGCCGTAGGTTGTGCGAAAGCGGCACAGGAAGACATCCTCAAGGCGTACGAAGCATACGATTTCCACGAAGTGGTACAGCGTCTGATGCGCTTCTGCTCCGTTGAGATGGGTTCCTTCTACCTCGACATCATCAAAGACCGTCAGTACACCGCCAAAGCGGACAGTGTGGCGCGTCGTAGCTGCCAGACTGCGCTATATCACATCGCAGAAGCGCTGGTGCGCTGGATGGCACCAATCCTCTCCTTCACCGCTGATGAAGTGTGGGGCTACCTGCCGGGCGAACGTGAAAAATACGTCTTCACCGGTGAGTGGTACGAAGGCCTGTTTGGCCTGGCAGACAGTGAAGCGATGAACGATGCGTTCTGGGACGAGCTGTTGAAAGTGCGTGGCGAAGTGAACAAAGTCATTGAGCAAGCGCGTGCCGACAAGAAAGTGGGTGGCTCGCTGGAAGCGGCAGTAACCTTGTATGCAGAACCGGAACTGTCGGCGAAACTGACCGCGCTGGGCGATGAATTACGATTTGTCCTGTTGACCTCCGGCGCTACCGTTGCAGACTATAACGACGCACCTGCTGATGCTCAGCAGAGCGAAGTACTCAAAGGGCTGAAAGTCGCGTTGAGTAAAGCCGAAGGTGAGAAGTGCCCACGCTGCTGGCACTACACCCAGGATGTCGGCAAGGTGGCGGAACACGCAGAAATCTGCGGCCGCTGTGTCAGCAACGTCGCCGGTGACGGTGAAAAACGTAAGTTTGCCTGA,Coding
ATGAGTCAATCGATCTGTTCAACAGGGCTACGCTGGCTGTGGCTGGTGGTAGTCGTGCTGATTATCGATCTGGGCAGCAAATACCTGATCCTCCAGAACTTTGCTCTGGGGGATACGGTCCCGCTGTTCCCGTCGCTTAATCTGCATTATGCGCGTAACTATGGCGCGGCGTTTAGTTTCCTTGCCGATAGCGGCGGCTGGCAGCGTTGGTTCTTTGCCGGTATTGCGATTGGTATTAGCGTGATCCTGGCAGTGATGATGTATCGCTCGAAGGCCACGCAGAAGCTAAACAATATCGCTTACGCGCTGATTATTGGCGGCGCGCTGGGCAACCTGTTCGACCGCCTGTGGCACGGCTTCGTTGTCGATATGATCGACTTCTACGTCGGCGACTGGCACTTCGCCACCTTCAACCTTGCCGATACTGCCATCTGTGTCGGTGCGGCACTGATTGTGCTGGAAGGTTTTTTGCCTTCTAGAGCGAAAAAACAATAA,Coding
ATGTCTGAATCTGTACAGAGCAATAGCGCCGTCCTGGTGCACTTCACGCTAAAACTCGACGATGGCACCACCGCCGAGTCTACCCGCAACAACGGTAAACCGGCGCTGTTCCGCCTGGGTGATGCTTCTCTTTCTGAAGGGCTGGAGCAACACCTGTTGGGGCTGAAAGTGGGCGATAAAACCACCTTCTCGTTGGAGCCAGATGCGGCGTTTGGCGTGCCGTCACCGGACCTGATTCAGTACTTCTCCCGCCGTGAATTTATGGATGCAGGCGAGCCAGAAATTGGCGCAATCATGCTTTTTACCGCAATGGATGGCAGTGAGATGCCTGGCGTGATCCGCGAAATTAACGGCGACTCCATTACCGTTGATTTCAACCATCCGCTGGCCGGGCAGACCGTTCATTTTGATATTGAAGTGCTGGAAATCGATCCGGCACTGGAGGCGTAA,Coding
ATGCAGATCCTGTTGGCCAACCCGCGTGGTTTTTGTGCCGGGGTAGACCGCGCTATCAGCATTGTTGAAAACGCGCTGGCCATTTACGGCGCACCGATATATGTCCGTCACGAAGTGGTACATAACCGCTATGTGGTCGATAGCTTGCGTGAGCGTGGGGCTATCTTTATTGAGCAGATTAGCGAAGTACCGGACGGCGCGATCCTGATTTTCTCCGCACACGGTGTTTCTCAGGCGGTACGTAACGAAGCAAAAAGTCGCGATTTGACGGTGTTTGATGCCACCTGTCCGCTGGTGACCAAAGTGCATATGGAAGTCGCCCGCGCCAGTCGCCGTGGCGAAGAATCTATTCTCATCGGTCACGCCGGGCACCCGGAAGTGGAAGGGACAATGGGCCAGTACAGTAACCCGGAAGGGGGAATGTATCTGGTCGAATCGCCGGACGATGTGTGGAAACTGACGGTCAAAAACGAAGAGAAGCTCTCCTTTATGACCCAGACCACGCTGTCGGTGGATGACACGTCTGATGTGATCGACGCGCTGCGTAAACGCTTCCCGAAAATTGTCGGTCCGCGCAAAGATGACATCTGCTACGCCACGACTAACCGTCAGGAAGCGGTACGCGCCCTGGCAGAACAGGCGGAAGTTGTGTTGGTGGTCGGTTCGAAAAACTCCTCCAACTCCAACCGTCTGGCGGAGCTGGCCCAGCGTATGGGCAAACGCGCGTTTTTGATTGACGATGCGAAAGACATCCAGGAAGAGTGGGTGAAAGAGGTTAAATGCGTCGGCGTGACTGCGGGCGCATCGGCTCCGGATATTCTGGTGCAGAATGTGGTGGCACGTTTGCAGCAGCTGGGCGGTGGTGAAGCCATTCCGCTGGAAGGCCGTGAAGAAAACATTGTTTTCGAAGTGCCGAAAGAGCTGCGTGTCGATATTCGTGAAGTCGATTAA,Coding
ATGCGTTTACCTATCTTCCTCGATACTGACCCCGGCATTGACGATGCCGTCGCCATTGCCGCCGCGATTTTTGCACCCGAACTCGACCTGCAACTGATGACCACCGTCGCGGGTAATGTCTCGGTTGAGAAAACTACCCGCAATGCCCTGCAACTGCTGCATTTCTGGAATGCGGAGATTCCGCTCGCCCAAGGGGCCGCTGTGCCACTGGTACGCGCACCGCGTGATGCGGCATCTGTGCACGGCGAATCGGGAATGGCTGGCTACGACTTTGTTGAGCACAACCGAAAGCCGCTCGGGATACCGGCGTTTCTGGCGATTCGGGATGCCCTGATGCGTGCACCAGAGCCTGTTACCCTGGTGGCCATCGGCCCGTTAACCAATATTGCGCTGTTACTTTCACAATGCCCGGAATGCAAGCCGTATATTCGCCGTCTGGTGATCATGGGTGGTTCTGCCGGACGCGGCAACTGTACGCCAAACGCCGAGTTTAATATTGCTGCCGATCCAGAAGCTGCTGCCTGTGTCTTCCGCAGTGGTATTGAAATCGTCATGTGCGGTTTGGATGTCACCAATCAGGCAATATTAACTCCTGACTATCTCTCTACACTGCCGCAGTTAAACCGTACCGGGAAAATGCTTCACGCCCTGTTTAGCCACTACCGTAGCGGCAGTATGCAAAGCGGCTTGCGAATGCACGATCTCTGCGCCATCGCCTGGCTGGTGCGCCCGGACCTGTTCACTCTCAAACCCTGTTTTGTGGCAGTGGAAACTCAGGGCGAATTTACCTCAGGCACGACGGTGGTTGATATCGACGGTTGCCTGGGCAAGCCAGCCAATGTACAGGTGGCATTGGATCTGGATGTGAAAGGCTTCCAGCAGTGGGTGGCTGAGGTGCTGGCTCTGGCGTCGTAA,Coding
ATGCATGATGCAAACATCCGCGTTGCCATCGCGGGAGCCGGGGGGCGTATGGGCCGCCAGTTGATTCAGGCGGCGCTGGCATTAGAGGGCGTGCAGTTGGGCGCTGCGCTGGAGCGTGAAGGATCTTCTTTACTGGGCAGCGACGCCGGTGAGCTGGCCGGAGCCGGGAAAACAGGCGTTACCGTGCAAAGCAGCCTCGATGCGGTAAAAGATGATTTTGATGTGTTTATCGATTTTACCCGTCCGGAAGGTACGCTGAACCATCTCGCTTTTTGTCGCCAGCATGGCAAAGGGATGGTGATCGGCACTACGGGGTTTGACGAAGCCGGTAAACAAGCAATTCGTGACGCCGCTGCCGATATTGCGATTGTCTTTGCTGCCAATTTTAGCGTTGGCGTTAACGTCATGCTTAAGCTGCTGGAGAAAGCAGCCAAAGTGATGGGTGACTACACCGATATCGAAATTATTGAAGCACATCATAGACATAAAGTTGATGCGCCGTCAGGCACCGCACTGGCAATGGGAGAGGCGATCGCCCACGCCCTTGATAAAGATCTGAAAGATTGCGCGGTCTACAGTCGTGAAGGCCACACCGGTGAACGTGTGCCTGGCACCATTGGTTTTGCCACCGTGCGTGCAGGTGACATCGTTGGTGAACATACCGCGATGTTTGCCGATATTGGCGAGCGTCTGGAGATCACCCATAAGGCGTCCAGCCGTATGACATTTGCTAACGGCGCGGTAAGATCGGCTTTGTGGTTGAGTGGTAAGGAAAGCGGTCTTTTTGATATGCGAGATGTACTTGATCTCAATAATTTGTAA,Coding
TTGATTAAGTCAGCGCTATTGGTTCTGGAAGACGGAACCCAGTTTCACGGTCGGGCCATAGGGGCAACAGGTTCGGCGGTTGGGGAAGTCGTTTTCAATACTTCAATGACCGGTTATCAAGAAATCCTCACTGATCCTTCCTATTCTCGTCAAATCGTTACTCTTACTTATCCCCATATTGGCAATGTCGGCACCAATGACGCCGATGAAGAATCTTCTCAGGTACATGCACAAGGTCTGGTGATTCGCGACCTGCCGCTGATTGCCAGCAACTTCCGTAATACCGAAGACCTCTCTTCTTACCTGAAACGCCATAACATCGTGGCGATTGCCGATATCGATACCCGTAAGCTGACGCGTTTACTGCGCGAGAAAGGCGCACAGAATGGCTGCATTATCGCGGGCGATAACCCGGATGCGGCGCTGGCGTTAGAAAAAGCCCGCGCGTTCCCAGGTCTGAATGGCATGGATCTGGCAAAAGAAGTGACCACCGCAGAAGCCTATAGCTGGACACAAGGGAGCTGGACGTTGACCGGTGGCCTGCCAGAAGCGAAAAAAGAAGACGAGCTGCCGTTCCACGTCGTGGCTTATGATTTTGGTGCCAAGCGCAACATCCTGCGGATGCTGGTGGATAGAGGCTGTCGCCTGACCATCGTTCCGGCGCAAACTTCTGCGGAAGATGTGCTGAAAATGAATCCAGACGGCATCTTCCTCTCCAACGGTCCTGGCGACCCGGCCCCGTGCGATTACGCCATTACCGCCATCCAGAAATTCCTCGAAACCGATATTCCGGTATTCGGCATCTGTCTCGGTCATCAGCTGCTGGCGCTGGCGAGCGGTGCGAAGACTGTCAAAATGAAATTTGGTCACCACGGCGGCAACCATCCGGTTAAAGATGTGGAGAAAAACGTGGTAATGATCACCGCCCAGAACCACGGTTTTGCGGTGGACGAAGCAACATTACCTGCAAACCTGCGTGTCACGCATAAATCCCTGTTCGACGGTACGTTACAGGGCATTCATCGCACCGATAAACCGGCATTCAGCTTCCAGGGGCACCCTGAAGCCAGCCCTGGTCCACACGACGCCGCGCCGTTGTTCGACCACTTTATCGAGTTAATTGAGCAGTACCGTAAAACCGCTAAGTAA,Coding
ATGCCAAAACGTACAGATATAAAAAGTATCCTGATTCTGGGTGCGGGCCCGATTGTTATCGGTCAGGCGTGTGAGTTTGACTACTCTGGCGCGCAAGCGTGTAAAGCCCTGCGTGAAGAGGGTTACCGCGTCATTCTGGTGAACTCCAACCCGGCGACCATCATGACCGACCCGGAAATGGCTGATGCAACCTACATCGAGCCGATTCACTGGGAAGTTGTACGCAAGATTATTGAAAAAGAGCGCCCGGACGCGGTGCTGCCAACGATGGGCGGTCAGACGGCGCTGAACTGCGCGCTGGAGCTGGAACGTCAGGGCGTGTTGGAAGAGTTCGGTGTCACCATGATTGGTGCCACTGCCGATGCGATTGATAAAGCAGAAGACCGCCGTCGTTTCGACGTAGCGATGAAGAAAATTGGTCTGGAAACCGCGCGTTCCGGTATCGCACACACGATGGAAGAAGCGCTGGCGGTTGCCGCTGACGTGGGCTTCCCGTGCATTATTCGCCCATCCTTTACCATGGGCGGTAGCGGCGGCGGTATCGCTTATAACCGTGAAGAGTTTGAAGAAATTTGCGCCCGCGGTCTGGATCTCTCTCCGACCAAAGAGTTGCTGATTGATGAGTCGCTGATCGGCTGGAAAGAGTACGAGATGGAAGTGGTGCGTGATAAAAACGACAACTGCATCATCGTCTGCTCTATCGAAAACTTCGATGCGATGGGCATCCACACCGGTGACTCCATCACTGTCGCGCCAGCCCAAACGCTGACCGACAAAGAATATCAAATCATGCGTAACGCCTCGATGGCGGTGCTGCGTGAAATCGGCGTTGAAACCGGTGGTTCCAACGTTCAGTTTGCGGTGAACCCGAAAAACGGTCGTCTGATTGTTATCGAAATGAACCCACGCGTGTCCCGTTCTTCGGCGCTGGCGTCGAAAGCGACCGGTTTCCCGATTGCTAAAGTGGCGGCGAAACTGGCGGTGGGTTACACCCTCGACGAACTGATGAACGACATCACTGGCGGACGTACTCCGGCCTCCTTCGAGCCGTCCATCGACTATGTGGTTACTAAAATTCCTCGCTTCAACTTCGAAAAATTCGCCGGTGCTAACGACCGTCTGACCACTCAGATGAAATCGGTTGGCGAAGTGATGGCGATTGGTCGCACGCAGCAGGAATCCCTGCAAAAAGCGCTGCGCGGCCTGGAAGTCGGTGCGACTGGATTCGACCCGAAAGTGAGCCTGGATGACCCGGAAGCGTTAACCAAAATCCGTCGCGAACTGAAAGACGCAGGCGCAGATCGTATCTGGTACATCGCCGATGCGTTCCGTGCGGGCCTGTCTGTGGACGGCGTCTTCAACCTGACCAACATTGACCGCTGGTTCCTGGTACAGATTGAAGAGCTGGTGCGTCTGGAAGAGAAAGTGGCGGAAGTGGGCATCACTGGCCTGAACGCTGACTTCCTGCGCCAGCTGAAACGCAAAGGCTTTGCCGATGCGCGCTTGGCAAAACTGGCGGGCGTACGCGAAGCGGAAATCCGTAAGCTGCGTGACCAGTATGACCTGCACCCGGTTTATAAGCGCGTGGATACCTGTGCGGCAGAGTTCGCCACCGACACCGCTTACATGTACTCCACTTATGAAGAAGAGTGCGAAGCGAATCCGTCTACCGACCGTGAAAAAATCATGGTGCTTGGCGGCGGCCCGAACCGTATCGGTCAGGGTATCGAATTCGACTACTGTTGCGTACACGCCTCGCTGGCGCTGCGCGAAGACGGTTACGAAACCATTATGGTTAACTGTAACCCGGAAACCGTCTCCACCGACTACGACACTTCCGACCGCCTCTACTTCGAGCCGGTAACTCTGGAAGATGTGCTGGAAATCGTGCGTATCGAGAAGCCGAAAGGCGTTATCGTCCAGTACGGCGGTCAGACCCCGCTGAAACTGGCGCGCGCGCTGGAAGCTGCTGGCGTACCGGTTATCGGCACCAGCCCGGATGCTATCGACCGTGCAGAAGACCGTGAACGCTTCCAGCATGCGGTTGAGCGTCTGAAACTGAAACAACCGGCGAACGCCACCGTTACCGCTATTGAAATGGCGGTAGAGAAGGCGAAAGAGATTGGCTACCCGCTGGTGGTACGTCCGTCTTACGTTCTCGGCGGTCGGGCGATGGAAATCGTCTATGACGAAGCTGACCTGCGTCGCTACTTCCAGACGGCGGTCAGCGTGTCTAACGATGCGCCAGTGTTGCTGGACCACTTCCTCGATGACGCGGTAGAAGTTGACGTGGATGCCATCTGCGACGGCGAAATGGTGCTGATTGGCGGCATCATGGAGCATATTGAGCAGGCGGGCGTGCACTCCGGTGACTCCGCATGTTCTCTGCCAGCCTACACCTTAAGTCAGGAAATTCAGGATGTGATGCGCCAGCAGGTGCAGAAACTGGCCTTCGAATTGCAGGTGCGCGGCCTGATGAACGTGCAGTTTGCGGTGAAAAACAACGAAGTCTACCTGATTGAAGTTAACCCGCGTGCGGCGCGTACCGTTCCGTTCGTCTCCAAAGCCACCGGCGTACCGCTGGCAAAAGTGGCGGCGCGCGTGATGGCTGGCAAATCGCTGGCTGAGCAGGGCGTAACCAAAGAAGTTATCCCGCCGTACTACTCGGTGAAAGAAGTGGTGCTGCCGTTCAATAAATTCCCGGGCGTTGACCCGCTGTTAGGGCCAGAAATGCGCTCTACCGGGGAAGTCATGGGCGTGGGCCGCACCTTCGCTGAAGCGTTTGCCAAAGCGCAGCTGGGCAGCAACTCCACCATGAAGAAACACGGTCGTGCGCTGCTTTCCGTGCGCGAAGGCGATAAAGAACGCGTGGTGGACCTGGCGGCAAAACTGCTGAAACAGGGCTTCGAGCTGGATGCGACCCACGGCACGGCGATTGTGCTGGGCGAAGCAGGTATCAACCCGCGTCTGGTAAACAAGGTGCATGAAGGCCGTCCGCACATTCAGGACCGTATCAAGAATGGCGAATATACCTACATCATCAACACCACCTCAGGCCGTCGTGCGATTGAAGACTCCCGCGTGATTCGTCGCAGTGCGCTGCAATATAAAGTGCATTACGACACCACCCTGAACGGCGGCTTTGCCACCGCGATGGCGCTGAATGCCGATGCGACTGAAAAAGTAATTTCGGTGCAGGAAATGCACGCACAGATCAAATAA,Coding
ATGTGTGAAGGATATGTTGAAAAACCACTCTACTTGTTAATCGCCGAATGGATGATGGCTGAAAATCGGTGGGTGATAGCAAGAGAGATCTCTATTCATTTCGATATTGAACACAGCAAGGCGGTTAATACCCTGACTTATATTCTGTCGGAAGTCACAGAAATAAGCTGCGAAGTTAAGATGATCCCTAATAAGCTGGAAGGGCGGGGATGCCAGTGTCAGCGACTGGTTAAAGTGGTCGATATCGATGAGCAAATTTACGCGCGCCTGCGCAATAACAGTCGGGAAAAATTAGTCGGTGTAAGAAAGACGCCGCGTATTCCTGCCGTTCCGCTCACGGAACTTAACCGCGAGCAGAAGTGGCAGATGATGTTGTCAAAGAGTATGCGTCGTTAA,Coding
GTGAGCTATTACGCCTTTGAGGGGTTAATTCCGGTGGTTCACCCGACGGCGTTTGTCCATCCCAGTGCCGTCTTGATTGGCGATGTGATTGTGGGAGCCGGTGTCTACATCGGCCCACTCGCCTCACTGCGTGGTGACTACGGGCGGTTGATCGTGCAAGCGGGAGCCAATATTCAGGATGGCTGCATTATGCATGGCTACTGCGACACTGACACTATCGTTGGGGAAAACGGCCATATCGGGCACGGAGCGATCCTGCATGGTTGTTTGATTGGTCGCGATGCATTGGTCGGGATGAACAGCGTGATTATGGATGGCGCGGTCATTGGCGAAGAGAGCATTGTTGCCGCCATGAGCTTTGTCAAAGCGGGCTTTCGCGGCGAGAAACGCCAGTTGTTGATGGGTACGCCAGCCCGCGCTGTACGCAATGTTAGTGACGACGAGTTACACTGGAAACGGTTGAATACCAAAGAGTATCAGGATCTTGTCGGGCGCTGTCATGTATCGTTACATGAAACGCAGCCACTGAGGCAAATGGAGGAAAATCGCCCCCGTTTGCAGGGGACGACGGATGTGACGCCTAAACGGTGA,Coding
ATGAGTGAATCATTACATCTGACCCGCAATGGATCAATTCTGGAAATTACCCTTGATCGTCCAAAAGCGAATGCTATTGATGCAAAAACCAGCTTTGAAATGGGCGAAGTATTTCTAAATTTCCGTGACGATCCGCAATTACGTGTCGCCATTATTACCGGTGCCGGAGAGAAGTTCTTTTCCGCGGGCTGGGATTTAAAAGCGGCAGCAGAAGGCGAAGCACCGGATGCTGACTTTGGTCCGGGTGGTTTTGCGGGATTAACCGAAATTTTCAATCTCGACAAACCGGTTATCGCAGCTGTGAACGGCTATGCCTTTGGCGGCGGCTTTGAACTGGCGCTGGCGGCAGATTTTATTGTTTGTGCCGATAACGCCAGCTTCGCCCTGCCGGAAGCCAAACTGGGCATCGTTCCTGACAGCGGCGGTGTGCTGCGTCTGCCGAAGATCCTGCCGCCTGCCATCGTCAATGAAATGGTGATGACCGGCAGACGAATGGGCGCAGAAGAGGCGCTGCGTTGGGGGATAGTCAACCGCGTGGTTAGCCAGGCGGAACTGATGGATAACGCCCGCGAACTGGCTCAGCAGCTGGTTAACAGCGCCCCGCTGGCGATTGCGGCGCTGAAAGAGATCTACCGCACCACCAGCGAAATGCCGGTAGAAGAAGCGTATCGCTATATTCGCAGCGGCGTGTTGAAACACTATCCATCGGTTCTGCATTCGGAAGATGCCATTGAAGGGCCGCTGGCGTTTGCCGAGAAGCGCGATCCGGTGTGGAAAGGACGTTAA,Coding
ATGGATATCATTGGCGGACAACATCTACGTCAAATGTGGGACGATCTTGCGGACGTTTACGGTCATAAAACGGCGCTGATTTGTGAATCCAGCGGCGGAGTCGTTAACCGGTATAGTTATCTTGAGTTAAATCAGGAGATTAACCGCACGGCAAACCTGTTTTATACGCTGGGGATTCGCAAAGGCGACAAGGTTGCACTACATCTCGACAACTGCCCGGAATTTATCTTTTGCTGGTTCGGGCTGGCAAAAATTGGCGCGATTATGGTGCCGATTAACGCCCGCCTGTTGTGCGAGGAAAGCGCGTGGATCCTGCAAAATAGCCAGGCGTGCCTGCTGGTGACCAGTGCGCAATTCTATCCTATGTATCAACAGATTCAGCAGGAAGATGCCACTCAATTGCGGCACATTTGCCTGACAGATGTGGCACTTCCCGCTGATGATGGCGTGAGTTCGTTTACTCAACTGAAAAATCAACAACCTGCCACCTTGTGCTATGCACCGCCGCTATCGACTGACGATACGGCGGAAATTCTCTTCACCTCCGGCACCACCTCCCGACCGAAAGGTGTGGTGATTACCCATTACAACCTGCGCTTCGCTGGATATTACTCCGCCTGGCAGTGTGCACTGCGTGACGATGACGTCTACCTGACGGTAATGCCTGCGTTTCATATCGATTGCCAGTGTACTGCGGCGATGGCGGCGTTTTCTGCCGGGGCCACCTTTGTGCTGGTCGAGAAATACAGCGCCCGCGCCTTCTGGGGACAGGTACAGAAGTACCGCGCCACCGTTACCGAATGTATTCCGATGATGATCCGTACGTTGATGGTACAGCCGCCTTCAGCGAACGATCAGCAACACCGCCTGCGGGAAGTGATGTTTTATCTCAACTTGTCGGAGCAGGAAAAAGATGCGTTTTGTGAACGCTTCGGCGTTCGCTTGCTGACGTCTTATGGGATGACGGAAACCATTGTGGGCATTATCGGCGATCGTCCTGGCGATAAACGACGCTGGCCGTCGATTGGTCGGGTGGGGTTTTGCTACGAAGCGGAGATCCGCGACGATCACAATCGCCCGCTCCCGGCTGGTGAGATCGGTGAAATCTGCATTAAAGGCATACCTGGGAAAACCATCTTCAAAGAGTACTTTCTCAACCCACAAGCCACTGCGAAAGTGCTGGAAGCCGATGGCTGGCTGCATACCGGCGATACCGGATACCGCGACGAAGAGGACTTTTTTTATTTCGTCGATCGCCGCTGCAATATGATTAAACGTGGCGGCGAGAATGTCTCCTGCGTGGAGCTGGAAAATATTATCGCCGCGCACCCGAAAATTCAGGACATCGTGGTTGTGGGTATTAAAGATTCGATTCGCGATGAAGCCATCAAAGCATTTGTGGTGCTGAATGAAGGTGAAACATTGAGCGAAGAGGAATTTTTCCGCTTCTGCGAACAAAATATGGCGAAATTTAAAGTGCCCTCTTATCTGGAGATCAGAAAAGATCTGCCACGTAATTGCTCGGGGAAAATAATTAGAAAGAATCTGAAATAA,Coding
ATGGATCATCTACCCATGCCGAAATTCGGGCCGTTGGCCGGATTGCGCGTTGTCTTCTCCGGTATCGAAATCGCCGGACCGTTTGCCGGGCAAATGTTCGCAGAATGGGGCGCGGAAGTTATCTGGATCGAGAACGTCGCCTGGGCCGACACCATTCGCGTTCAACCGAACTACCCGCAACTCTCCCGCCGCAATTTGCACGCGCTGTCGTTAAATATTTTCAAAGATGAAGGCCGCGAAGCGTTTCTGAAATTAATGGAAACCACCGATATCTTCATCGAAGCCAGTAAAGGTCCGGCCTTTGCCCGTCGTGGCATTACCGATGAAGTACTGTGGCAGCACAACCCGAAACTGGTTATCGCTCACCTGTCCGGTTTTGGTCAGTACGGCACCGAGGAGTACACCAATCTTCCGGCCTATAACACTATCGCCCAGGCCTTTAGTGGTTACCTGATTCAGAACGGTGATGTTGACCAGCCAATGCCTGCCTTCCCGTATACCGCCGATTACTTTTCTGGCCTGACCGCCACCACGGCGGCGCTGGCAGCACTGCATAAAGTGCGTGAAACCGGTAAAGGCGAAAGTATCGACATCGCCATGTATGAAGTGATGCTGCGTATGGGCCAGTACTTCATGATGGATTACTTCAACGGCGGCGAAATGTGCCCGCGCATGAGCAAAGGTAAAGATCCCTACTACGCCGGTTGCGGTCTGTATAAATGTGCCGACGGCTACATCGTGATGGAACTGGTGGGCATTACCCAAATTGAAGAGTGCTTTAAAGATATTGGCCTCGCACATCTGCTTGGCACGCCAGAAATCCCGGAAGGCACTCAGCTTATCCACCGTATCGAATGCCCTTACGGCCCACTGGTTGAAGAGAAACTCGATGCCTGGCTGGCGACACATACCATCGCGGAAGTAAAAGAACGCTTTGCTGAACTGAATATCGCCTGCGCCAAAGTGCTGACCGTACCGGAACTGGAAAGCAATCCACAGTATGTGGCTCGCGAATCAATCACTCAGTGGCAAACGATGGATGGTCGCACCTGCAAAGGGCCGAACATCATGCCGAAATTCAAAAATAACCCCGGACAAATCTGGCGCGGAATGCCCTCACATGGCATGGACACGGCTGCCATTTTGAAAAATATCGGCTACAGCGAAAACGACATTCAGGAGTTGGTCAGCAAAGGTCTGGCCAAAGTTGAGGACTAA,Coding
ATGGATTTTAATTTAAATGATGAGCAGGAACTGTTTGTCGCCGGTATCCGCGAACTGATGGCCAGCGAAAACTGGGAGGCCTATTTTGCCGAGTGCGACCGTGACAGCGTCTACCCGGAACGTTTTGTCAAAGCACTGGCGGATATGGGTATCGACAGTCTGCTGATCCCTGAAGAGCACGGTGGTCTGGACGCGGGGTTTGTTACTCTCGCCGCCGTGTGGATGGAGCTGGGACGTCTGGGGGCACCAACCTATGTGCTGTACCAGTTGCCGGGCGGGTTCAACACCTTCCTGCGCGAAGGCACACAAGAGCAGATCGACAAAATTATGGCTTTCCGCGGCACCGGTAAGCAGATGTGGAACTCAGCGATTACCGAACCGGGCGCGGGCTCCGACGTGGGTAGCCTGAAAACGACTTATACCCGTAGAAATGGTAAGATTTATCTTAATGGTAGTAAGTGTTTTATTACCAGCAGCGCCTACACCCCGTACATCGTGGTGATGGCGCGCGACGGGGCTTCTCCGGACAAACCTGTCTACACCGAATGGTTTGTTGATATGAGCAAACCGGGCATCAAAGTGACCAAACTTGAAAAGCTCGGTCTGCGTATGGATAGCTGCTGTGAAATCACCTTTGACGACGTGGAACTGGACGAGAAAGACATGTTCGGTCGGGAAGGTAACGGCTTTAACCGCGTCAAAGAAGAGTTCGACCATGAACGTTTCCTGGTAGCCCTCACCAACTACGGTACGGCGATGTGCGCCTTTGAAGATGCGGCGCGCTACGCCAATCAGCGCGTGCAGTTTGGCGAGGCTATTGGTCGTTTCCAGTTGATTCAGGAAAAATTCGCCCACATGGCGATCAAATTAAACTCCATGAAAAACATGCTGTATGAAGCAGCGTGGAAAGCAGACAACGGCACCATCACCTCTGGCGATGCAGCGATGTGCAAATACTTCTGCGCCAATGCGGCATTTGAAGTTGTGGATAGCGCAATGCAGGTGCTGGGCGGTGTCGGGATTGCGGGCAACCACCGCATCAGCCGCTTCTGGCGTGATCTGCGTGTAGACCGCGTCTCCGGGGGATCTGACGAAATGCAGATCCTGACGCTGGGTCGTGCGGTGCTGAAGCAATACCGCTAA,Coding
ATGAAGAATGAAAAGAGAAAAACGGGAATAGAACCGAAGGTTTTCTTTCCGCCGTTAATAATCGTCGGCATACTTTGTTGGCTTACAGTCAGAGATCTGGATGCAGCGAATGTCGTTATTAATGCTGTATTCAGTTACGTCACCAATGTATGGGGATGGGCATTTGAATGGTATATGGTGGTGATGCTTTTCGGTTGGTTCTGGCTGGTGTTTGGCCCGTATGCCAAAAAGCGTTTAGGTAACGAACCGCCAGAATTTAGCACCGCCAGTTGGATCTTTATGATGTTCGCCTCCTGTACGTCTGCTGCCGTACTGTTCTGGGGATCGATTGAGATCTACTACTACATCTCCACCCCGCCGTTTGGCTTAGAACCGAACTCGACAGGGGCGAAAGAGTTGGGGCTGGCTTACAGCTTGTTCCACTGGGGACCTCTGCCGTGGGCCACTTACAGCTTCCTTTCAGTCGCCTTCGCTTACTTCTTCTTTGTCCGCAAAATGGAAGTGATTCGCCCCAGCTCGACACTGGTGCCGCTGGTAGGTGAAAAACACGCCAAAGGGTTGTTCGGCACTATCGTCGACAACTTCTATCTCGTCGCCTTGATCTTCGCGATGGGTACCAGTCTGGGCCTTGCCACGCCGCTGGTGACCGAGTGTATGCAATGGTTGTTTGGCATTCCGCATACCCTGCAACTGGACGCTATCATCATTACCTGCTGGATTATCCTCAACGCCATTTGCGTCGCTTGCGGTCTGCAAAAAGGGGTACGTATCGCCAGTGACGTGCGTAGTTACCTGAGCTTCCTGATGCTGGGTTGGGTGTTCATTGTCAGCGGTGCCAGCTTCATCATGAACTACTTCACCGATTCGGTGGGGATGTTGCTGATGTATCTGCCGCGCATGTTGTTCTATACCGATCCCATCGCTAAAGGCGGCTTCCCGCAGGGCTGGACCGTGTTCTACTGGGCATGGTGGGTGATTTATGCTATCCAGATGAGTATCTTCCTCGCCCGCATCTCCCGTGGTCGTACTGTGCGTGAACTGTGCTTCGGCATGGTGCTGGGGCTGACAGCGTCAACCTGGATCCTGTGGACTGTACTCGGTAGTAACACTCTGCTGTTGATAGATAAAAACATCATCAACATTCCAAATCTGATCGAACAGTACGGTGTGGCGCGCGCCATCATTGAAACCTGGGCCGCTCTGCCACTCAGCACCGCCACCATGTGGGGCTTCTTCATCCTCTGCTTTATTGCCACCGTTACGCTGGTTAACGCCTGCTCTTATACCCTGGCGATGTCCACTTGCCGCGAAGTACGCGATGGTGAAGAACCACCTCTGCTGGTGCGTATCGGTTGGTCAATTCTGGTTGGCATTATCGGTATTGTTCTGCTGGCGCTCGGCGGCCTGAAACCGATTCAAACCGCCATTATCGCCGGAGGATGCCCGCTGTTCTTCGTCAACATTATGGTGACGCTCTCCTTTATTAAAGACGCGAAACAGAACTGGAAAGATTAA,Coding
ATGAAGATTATTACTTGCTATAAGTGCGTGCCTGATGAACAGGATATTGCGGTCAATAATGCTGATGGTTCATTAGACTTCAGCAAAGCCGATGCCAAAATAAGCCAATACGATCTCAACGCTATTGAAGCGGCTTGCCAGCTAAAGCAACAGGCAGCAGAGGCGCAGGTGACAGCCTTAAGTGTGGGCGGTAAAGCCCTGACCAACGCCAAAGGGCGTAAAGATGTGCTATCGCGCGGCCCGGATGAACTGATTGTGGTGATTGATGACCAGTTCGAGCAGGCACTGCCGCAACAAACGGCGAGCGCACTGGCTGCAGCCGCCCAGAAAGCAGGCTTTGATCTGATCCTCTGTGGCGATGGTTCTTCCGACCTTTATGCCCAGCAGGTTGGTCTGCTGGTGGGCGAAATCCTCAATATTCCGGCAGTTAACGGCGTCAGCAAAATTATCTCCCTGACGGCAGATACCCTCACCGTTGAGCGCGAACTGGAAGATGAAACCGAAACCTTAAGCATTCCGCTGCCTGCGGTTGTTGCTGTTTCCACTGATATCAACTCCCCACAAATTCCTTCGATGAAAGCCATTCTCGGCGCGGCGAAAAAGCCCGTCCAGGTATGGTCGGCGGCGGATATTGGTTTTAACGCAGAGGCAGCCTGGTCAGAACAACAGGTTGCCGCGCCGAAACAGCGCGAACGTCAGCGCATCGTGATTGAAGGCGACGGCGAAGAACAGATCGCCGCATTTGCTGAAAATCTTCGCAAAGTCATTTAA,Coding
ATGAACACGTTTTCTCAAGTCTGGGTATTCAGCGATACCCCTTCTCGTCTGCCGGAACTGATGAACGGTGCGCAGGCTTTAGCTAATCAAATCAACACCTTTGTCCTCAATGATGCCGACGGCGCACAGGCAATCCAGCTCGGCGCTAATCATGTCTGGAAATTAAACGGCAAACCGGACGATCGGATGATCGAAGATTACGCCGGTGTCATGGCTGACACTATTCGCCAGCACGGCGCAGACGGCCTGGTGCTGCTGCCAAACACCCGTCGCGGCAAATTACTGGCGGCAAAACTGGGTTATCGCCTTAAAGCGGCGGTGTCTAACGATGCCAGCACCGTCAGCGTACAGGACGGTAAAGCGACAGTGAAACACATGGTTTACGGTGGTCTGGCGATTGGCGAAGAACGCATTGCCACGCCGTATGCGGTACTGACCATCAGCAGCGGCACGTTCGATGCGGCTCAGCCAGACGCGTCACGCACTGGCGAAACGCACACCGTGGAGTGGCAGGCTCCGGCTGTGGCGATTACCCGCACGGCAACCCAGGCGCGCCAGAGCAACAGCGTCGATCTCGACAAAGCCCGTCTGGTGGTCAGCGTCGGTCGCGGTATTGGCAGCAAAGAGAACATTGCGCTGGCAGAACAGCTTTGCAAGGCGATAGGTGCGGAGTTGGCCTGTTCTCGTCCGGTGGCGGAAAACGAAAAATGGATGGAGCACGAACGCTATGTCGGTATCTCCAACCTGATGCTGAAACCTGAACTGTACCTGGCGGTGGGGATCTCCGGGCAGATCCAGCACATGGTTGGCGCTAACGCGTCGCAAACCATTTTCGCCATCAATAAAGATAAAAATGCGCCGATCTTCCAGTACGCGGATTACGGCATTGTTGGCGACGCCGTGAAGATCCTTCCGGCGCTGACCGCAGCTTTAGCGCGTTGA,Coding
ATGTCCGAAGATATCTTTGACGCCATCATCGTCGGTGCAGGGCTTGCCGGTTCGGTTGCCGCACTGGTGCTCGCCCGCGAAGGTGCGCAAGTGTTAGTTATCGAGCGTGGCAATTCCGCAGGTGCCAAGAACGTCACCGGCGGGCGTCTCTATGCCCACAGTCTGGAACACATTATTCCTGGTTTCGCCGACTCCGCCCCCGTAGAACGCCTGATCACCCATGAAAAACTCGCGTTTATGACGGAAAAGTCAGCGATGACTATGGACTACTGCAATGGTGACGAAACCTCGCCATCCCAGCGTTCTTACTCCGTTTTGCGCAGTAAATTTGATGCCTGGCTGATGGAGCAGGCCGAAGAAGCGGGCGCGCAGTTAATTACCGGGATCCGCGTCGATAACCTCGTACAGCGCGATGGCAAAGTCGTCGGTGTAGAAGCCGATGGCGATGTGATTGAAGCGAAAACGGTGATCCTTGCTGATGGGGTGAACTCCATCCTTGCCGAAAAATTGGGGATGGCAAAACGCGTCAAACCGACGGATGTGGCGGTTGGCGTGAAGGAACTGATCGAGTTACCGAAGTCGGTTATTGAAGACCGTTTTCAGTTGCAGGGTAATCAGGGGGCGGCTTGCCTGTTTGCGGGATCACCCACCGATGGCCTGATGGGCGGCGGCTTCCTTTATACCAATGAAAACACCCTGTCGCTGGGGCTGGTTTGTGGTTTGCATCATCTGCATGACGCGAAAAAATCGGTGCCGCAAATGCTGGAAGATTTCAAACAGCATCCGGCCGTTGCACCGCTGATCGCGGGCGGCAAGCTGGTGGAATATTCCGCTCACGTAGTGCCGGAAGCAGGCATCAACATGCTGCCGGAGTTGGTTGGTGACGGCGTATTGATTGCCGGTGATGCCGCCGGAATGTGTATGAACCTCGGTTTTACCATTCGCGGTATGGATCTGGCGATTGCCGCCGGGGAAGCCGCAGCAAAAACCGTGCTTTCAGCGATGAAAAGCGACGATTTCAGTAAGCAAAAACTGGCGGAATATCGTCAGCATCTTGAGAGTGGTCCGCTGCGCGATATGCGTATGTACCAGAAACTACCGGCGTTCCTTGATAACCCACGCATGTTTAGCGGCTACCCGGAGCTGGCGGTGGGTGTGGCGCGTGACCTGTTCACCATTGATGGCAGCGCGCCGGAACTGATGCGCAAGAAAATCCTCCGCCACGGCAAGAAAGTGGGCTTCATCAATCTAATCAAGGATGGCATGAAAGGAGTGACCGTTTTATGA,Coding
ATGACTTCTCCCGTCAATGTGGACGTCAAACTGGGCGTCAATAAATTCAATGTCGATGAAGAGCATCCGCACATTGTTGTGAAGGCCGATGCTGATAAACAGGCGCTGGAGCTGCTGGTGAAAGCGTGCCCCGCAGGTCTGTACAAGAAGCAGGATGACGGCAGTGTGCGCTTCGATTACGCCGGATGTCTGGAGTGCGGCACCTGTCGCATTCTGGGGCTGGGGTCGGCGCTGGAACAGTGGGAATACCCGCGCGGCACCTTTGGTGTGGAGTTCCGTTACGGCTGA,Coding
ATGCAACCGTCCAGAAACTTTGACGATCTCAAATTCTCCTCTATTCACCGCCGCATTTTGCTGTGGGGAAGCGGTGGTCCGTTTCTGGATGGTTATGTACTGGTAATGATTGGCGTGGCGCTGGAGCAACTGACGCCGGCGCTGAAACTGGACGCTGACTGGATTGGCTTGCTGGGCGCGGGAACGCTCGCCGGGCTGTTCGTTGGCACATCGCTGTTTGGTTATATTTCCGATAAAGTCGGACGGCGCAAAATGTTCCTCATTGATATCATCGCCATCGGCGTGATATCGGTGGCGACGATGTTTGTTTCATCCCCCGTCGAACTGTTGGTGATGCGGGTACTTATCGGCATTGTCATCGGTGCAGATTATCCCATCGCCACCTCAATGATCACCGAGTTCTCCAGTACCCGTCAGCGGGCGTTTTCCATCAGCTTTATTGCCGCGATGTGGTATGTCGGCGCGACCTGTGCCGATCTGGTCGGCTACTGGCTTTATGATGTGGAAGGCGGCTGGCGCTGGATGCTGGGTAGCGCGGCGATCCCCTGTTTGTTGATTTTGATTGGTCGATTCGAACTGCCTGAATCTCCCCGCTGGTTATTACGCAAAGGGCGAGTAAAAGAGTGCGAAGAGATGATGATCAAACTGTTTGGCGAACCGGTGGCTTTCGATGAAGAGCAGCCGCAGCAAACCCGTTTTCGCGATCTGTTTAATCGCCGCCATTTTCCTTTTGTTCTGTTTGTTGCCGCCATCTGGACCTGCCAGGTGATCCCAATGTTCGCCATTTACACCTTTGGCCCGCAAATCGTTGGTTTGTTGGGATTGGGGGTTGGCAAAAACGCGGCACTAGGGAATGTGGTGATTAGCCTGTTCTTTATGCTCGGCTGTATTCCGCCGATGCTGTGGTTAAACACTGCCGGACGGCGTCCATTGTTGATTGGCAGCTTTGCCATGATGACGCTGGCGCTGGCGGTTTTGGGGCTAATCCCGGATATGGGGATCTGGCTGGTAGTGATGGCCTTTGCGGTGTATGCCTTTTTCTCTGGCGGGCCGGGTAATTTGCAGTGGCTCTATCCTAATGAACTCTTCCCGACAGATATCCGCGCCTCTGCCGTGGGCGTGATTATGTCCTTAAGTCGTATTGGCACCATTGTTTCGACCTGGGCACTACCGATCTTTATCAATAATTACGGTATCAGTAACACGATGCTAATGGGGGCGGGTATCTCGCTGTTTGGCTTGTTGATTTCCGTAGCGTTTGCCCCGGAGACTCGAGGGATGTCACTGGCGCAGACCAGCAATATGACGATCCGCGGGCAGAGAATGGGGTAA,Coding
ATGATTCTTATAATTTATGCGCATCCGTATCCGCATCATTCCCATGCGAATAAACGGATGCTTGAACAGGCAAGGACGCTGGAAGGCGTCGAAATTCGCTCTCTTTATCAACTCTATCCTGACTTCAATATCGATATTGCCGCCGAGCAGGAGGCGCTGTCTCGCGCCGATCTGATCGTCTGGCAGCATCCGATGCAGTGGTACAGCATTCCTCCGCTCCTCAAACTTTGGATCGATAAAGTTTTCTCCCACGGCTGGGCTTACGGTCATGGCGGCACGGCGCTGCATGGCAAACATTTGCTGTGGGCGGTGACGACCGGCGGCGGGGAAAGCCATTTTGAAATTGGTGCGCATCCGGGCTTTGATGTGCTGTCGCAGCCGCTACAGGCGACGGCAATCTACTGCGGGCTGAACTGGCTGCCACCGTTTGCCATGCACTGCACCTTTATTTGTGACGACGAAACCCTCGAAGGGCAGGCGCGTCACTATAAGCAACGTCTGCTGGAATGGCAGGAGGCCCATCATGGATAG,Coding
ATGGATAGCCATACGCTGATTCAGGCGCTGATTTATCTCGGTTCGGCAGCGCTGATTGTACCCATTGCGGTACGTCTTGGTCTGGGATCGGTACTTGGCTACCTGATCGCCGGCTGCATTATTGGCCCGTGGGGGCTGCGACTGGTGACCGATGCCGAATCTATTCTGCACTTTGCCGAGATTGGGGTGGTGCTGATGCTGTTTATTATCGGCCTCGAACTCGATCCACAAAGGCTGTGGAAGCTGCGTGCGGCAGTGTTCGGCTGTGGCGCATTGCAGATGGTGATTTGCGGCGGCCTGCTGGGGCTGTTCTGCATGTTACTTGGGCTGCGCTGGCAGGTCGCGGAATTGATCGGCATGACGCTGGCGCTCTCCTCTACGGCGATTGCCATGCAGGCGATGAATGAACGCAATCTGATGGTGACGCAAATGGGTCGCAGTGCCTTTGCGGTGCTGCTGTTCCAGGATATCGCGGCGATCCCGCTGGTGGCGATGATTCCGCTACTGGCAACGAGCAGTGCCTCGACGACGATGGGCGCATTTGCTCTCTCGGCGTTAAAAGTGGCGGGTGCGCTGGTGCTGGTGGTATTGCTGGGGCGCTATGTCACGCGTCCGGCGCTGCGTTTTGTAGCCCGCTCTGGCTTGCGGGAAGTGTTTAGTGCCGTGGCGTTATTCCTCGTGTTTGGCTTTGGTTTGCTGCTGGAAGAGGTCGGCTTGTCGATGGCGATGGGCGCGTTTCTGGCGGGCGTACTGCTGGCAAGCTCGGAATACCGTCATGCGCTGGAGAGCGATATCGAACCATTTAAAGGTTTGCTGTTGGGGCTGTTTTTCATCGGTGTTGGCATGTCGATAGACTTTGGCACGCTGCTTGAAAACCCATTGCGCATTGTCATTTTGCTGCTCGGTTTCCTCATCATCAAAATCGCCATGCTGTGGCTGATTGCCCGACCGTTGCAAGTGCCAAATAAACAGCGTCGTTGGTTTGCGGTGTTGTTAGGGCAGGGCAGTGAGTTTGCCTTTGTGGTATTTGGCGCGGCGCAGATGGCGAATGTGCTGGAGCCGGAGTGGGCGAAATCGCTGACCCTGGCGGTGGCGCTGTCGATGGCAGCAACGCCGATTCTGCTGGTGATCCTCAATCGCCTTGAGCAATCTTCTACTGAGGAAGCGCGTGAAGCCGATGAGATCGACGAAGAACAGCCGCGCGTGATTATCGCCGGATTCGGTCGTTTTGGGCAGATTACCGGACGTTTACTGCTCTCCAGCGGGGTGAAAATGGTGGTACTCGATCACGATCCGGACCATATCGAAACCTTGCGTAAATTTGGTATGAAAGTGTTTTATGGCGATGCCACGCGGATGGATTTACTGGAATCTGCCGGAGCGGCGAAAGCGGAAGTGCTGATTAACGCCATCGACGATCCGCAAACCAACCTGCAACTGACAGAGATGGTGAAAGAACATTTCCCGCATTTGCAGATTATTGCCCGCGCCCGCGATGTCGACCACTACATTCGTTTGCGTCAGGCAGGCGTTGAAAAGCCGGAGCGTGAAACCTTCGAAGGTGCGCTGAAAACCGGGCGTCTGGCACTGGAAAGTTTAGGTCTGGGGCCGTATGAAGCGCGAGAACGTGCCGATGTGTTCCGCCGCTTTAATATTCAGATGGTGGAAGAGATGGCAATGGTTGAGAACGACACCAAAGCCCGCGCGGCGGTCTATAAACGCACCAGCGCGATGTTAAGTGAGATCATTACCGAGGACCGCGAACATCTGTCATTAATTCAACGACATGGCTGGCAGGGAACCGAAGAAGGTAAACATACCGGCAACATGGCGGATGAACCGGAAACGAAACCCTCATCCTAA,Coding
ATGATCAGTCTGATTGCGGCGTTAGCGGTAGATCGCGTTATCGGCATGGAAAACGCCATGCCGTGGAACCTGCCTGCCGATCTCGCCTGGTTTAAACGCAACACCTTAAATAAACCCGTGATTATGGGCCGCCATACCTGGGAATCAATCGGTCGTCCGTTGCCAGGACGCAAAAATATTATCCTCAGCAGTCAACCGGGTACGGACGATCGCGTAACGTGGGTGAAGTCGGTGGATGAAGCCATCGCGGCGTGTGGTGACGTACCAGAAATCATGGTGATTGGCGGCGGTCGCGTTTATGAACAGTTCTTGCCAAAAGCGCAAAAACTGTATCTGACGCATATCGACGCAGAAGTGGAAGGCGACACCCATTTCCCGGATTACGAGCCGGATGACTGGGAATCGGTATTCAGCGAATTCCACGATGCTGATGCGCAGAACTCTCACAGCTATTGCTTTGAGATTCTGGAGCGGCGGTAA,Coding
ATGGCGACATACCTTATTGGCGACGTTCATGGTTGTTACGATGAACTGATCGCATTGCTGCATAAAGTAGAATTTACCCCTGGGAAAGATACCCTCTGGCTGACGGGCGATCTGGTCGCGCGCGGGCCGGGTTCGCTGGATGTTCTGCGCTATGTGAAATCCTTAGGCGACAGCGTACGTCTGGTGCTGGGCAATCACGATCTGCATCTGCTGGCGGTATTTGCCGGGATCAGCCGCAATAAACCGAAAGATCGCCTGACACCGCTGCTGGAAGCGCCGGATGCCGACGAGCTGCTTAACTGGCTGCGGCGCCAGCCTCTGCTGCAAATCGACGAAGAGAAAAAGCTGGTGATGGCCCACGCAGGGATCACGCCGCAGTGGGATCTGCAGACCGCCAAAGAGTGCGCACGCGATGTAGAAGCGGTGCTATCGAGTGACTCCTATCCCTTCTTTCTTGATGCCATGTACGGCGATATGCCAAATAACTGGTCACCGGAATTGCGGGGGCTGGGAAGACTGCGTTTTATCACCAACGCTTTTACCCGTATGCGTTTTTGCTTCCCGAACGGTCAACTGGATATGTACAGCAAAGAATCGCCGGAAGAGGCCCCTGCCCCACTGAAACCGTGGTTTGCGATTCCTGGCCCTGTCGCTGAAGAATACAGCATCGCCTTTGGTCACTGGGCATCGCTGGAGGGCAAAGGTACGCCGGAAGGTATATACGCGCTGGATACCGGCTGCTGCTGGGGTGGTACATTAACCTGCCTGCGCTGGGAAGATAAACAGTATTTTGTCCAGCCGTCGAACCGGCATAAGGATTTGGGCGAAGCGGCGGCGTCTTAA,Coding
ATGATCAATTCGCCCCGAGTGTGTATTCAGGTTCAAAGCGTCTACATTGAGGCTCAATCTTCACCTGATAATGAACGTTACGTTTTTGCTTATACCGTAACCATACGCAATCTGGGGCGAGCGCCAGTGCAGTTGTTGGGGCGTTACTGGCTGATCACCAATGGCAATGGCCGTGAAACCGAAGTCCAGGGCGAAGGAGTGGTTGGCGTCCAGCCACTTATCGCGCCTGGCGAAGAGTACCAGTACACCAGCGGTGCAATCATTGAAACCCCGCTGGGCACCATGCAGGGTCACTACGAAATGATCGATGAAAATGGCGTCCCTTTCAGCATCGACATTCCCGTATTCCGACTCGCCGTTCCCACACTCATTCATTAA,Coding
ATGAATAATCGAGTCCACCAGGGCCACTTAGCCCGTAAACGCTTCGGGCAAAACTTTCTCAACGATCAGTTCGTGATCGACAGTATTGTGTCTGCCATTAACCCGCAAAAGGGCCAGGCGATGGTCGAAATCGGCCCCGGTCTGGCGGCATTGACCGAACCGGTCGGCGAACGTCTGGACCAGCTGACGGTCATCGAACTTGACCGCGATCTGGCGGCACGTCTGCAAACGCATCCATTCTTAGGCCCGAAACTGACGATTTATCAGCAGGATGCGATGACCTTTAACTTTGGTGAACTGGCCGAGAAAATGGGTCAGCCGCTGCGTGTTTTCGGCAACCTGCCTTATAACATCTCCACGCCGTTGATGTTCCATCTGTTTAGCTATACTGATGCCATTGCCGACATGCACTTTATGTTGCAAAAAGAGGTGGTGAATCGTCTGGTTGCAGGACCGAACAGCAAAGCGTATGGTCGATTAAGCGTCATGGCGCAATACTATTGCAATGTGATCCCGGTACTGGAAGTACCGCCGTCAGCCTTTACACCACCACCCAAAGTGGATTCCGCCGTCGTGCGCCTGGTTCCTCATGCAACGATGCCTCACCCGGTTAAAGATGTTCGTGTGTTGAGCCGCATCACCACCGAAGCCTTTAACCAGCGTCGTAAAACCATTCGTAACAGCCTCGGCAACCTGTTTAGCGTCGAGGTGTTAACGGGAATGGGGATCGACCCGGCGATGCGAGCGGAAAATATCTCTGTCGCGCAATATTGCCAGATGGCGAACTATCTGGCGGAGAACGCGCCTTTGCAGGAGAGTTAA,Coding
ATGGTTAAAACCCAACGTGTTGTGATCACTCCCGGCGAGCCCGCCGGGATTGGCCCGGACTTAGTTGTCCAGCTTGCACAGCGTGAGTGGCCGGTCGAACTGGTTGTTTGTGCCGATGCCACTCTCCTTACCAACCGGGCAGCGATGCTCGGTTTGCCGCTCACCCTCCGCCCTTATTCCCCCAACTCCCCTGCACAACCGCAAACTGCGGGCACATTAACGCTACTTCCTGTCGCGCTACGTGCACCTGTCACTGCGGGGCAGTTAGCGGTTGAAAATGGGCATTATGTGGTGGAAACGCTGGCGCGAGCGTGCGATGGTTGTCTGAACGGCGAATTTGCCGCGCTGATCACAGGTCCGGTGCATAAAGGCGTTATTAACGACGCTGGCATTCCTTTTACCGGTCATACCGAGTTTTTCGAAGAGCGTTCGCAGGCGAAAAAGGTGGTGATGATGCTGGCGACCGAAGAACTTCGCGTGGCGCTGGCAACGACGCATTTACCGCTGCGCGATATCGCAGACGCTATCACCCCTGCACTTTTGCACGAAGTGATTGCTATTTTGCATCACGATTTGCGGACCAAATTTGGTATTGCCGAACCGCGCATTCTGGTCTGCGGGCTGAATCCGCACGCGGGCGAAGGCGGTCATATGGGTACGGAAGAGATAGACACCATTATTCCGGTGCTCAATGAGCTGCGGGCGCAGGGGATGAAACTCAACGGGCCGCTGCCTGCCGATACCCTGTTTCAGCCGAAATATCTTGATAACGCCGACGCCGTGCTGGCGATGTACCACGATCAGGGTCTTCCCGTGCTAAAATACCAGGGCTTCGGGCGCGGTGTGAACATTACGCTGGGCCTGCCCTTTATTCGCACATCAGTGGACCACGGCACCGCGCTTGAACTGGCGGGACGTGGCAAAGCCGATGTCGGCAGTTTTATTACGGCGCTTAATCTCGCCATCAAAATGATTGTTAACACCCAATGA,Coding
ATGAAGAACTGGAAAACGCTGCTTCTCGGTATCGCCATGATCGCGAATACCAGTTTCGCTGCCCCCCAGGTAGTCGATAAAGTCGCAGCCGTCGTCAATAACGGCGTCGTGCTGGAAAGCGACGTTGATGGATTAATGCAGTCGGTAAAACTGAACGCTGCTCAGGCAAGGCAGCAACTTCCTGATGACGCGACGCTGCGCCACCAAATCATGGAACGTTTGATCATGGATCAAATCATCCTGCAGATGGGGCAGAAAATGGGAGTGAAAATCTCCGATGAGCAGCTGGATCAGGCGATTGCTAACATCGCGAAACAGAACAACATGACGCTGGATCAGATGCGCAGCCGTCTGGCTTACGATGGACTGAACTACAACACCTATCGTAACCAGATCCGCAAAGAGATGATTATCTCTGAAGTGCGTAACAACGAGGTGCGTCGTCGCATCACCATCCTGCCGCAGGAAGTCGAATCCCTGGCGCAGCAGGTGGGTAACCAAAACGACGCCAGCACTGAGCTGAACCTGAGCCACATCCTGATCCCGCTGCCGGAAAACCCGACCTCTGATCAGGTGAACGAAGCGGAAAGCCAGGCGCGCGCCATTGTCGATCAGGCGCGTAACGGCGCTGATTTCGGTAAGCTGGCGATTGCTCATTCTGCCGACCAGCAGGCGCTGAACGGCGGCCAGATGGGCTGGGGCCGTATTCAGGAGTTGCCCGGGATCTTCGCCCAGGCATTAAGCACCGCGAAGAAAGGCGACATTGTTGGCCCGATTCGTTCCGGCGTTGGCTTCCATATTCTGAAAGTTAACGACCTGCGCGGCGAAAGCAAAAATATCTCGGTGACCGAAGTTCATGCTCGCCATATTCTGCTGAAACCGTCGCCGATCATGACTGACGAACAGGCCCGTGTGAAACTGGAACAGATTGCTGCTGATATCAAGAGTGGTAAAACGACTTTTGCTGCCGCAGCGAAAGAGTTCTCTCAGGATCCAGGCTCTGCTAACCAGGGCGGCGATCTCGGCTGGGCTACACCAGATATTTTCGATCCGGCCTTCCGTGACGCCCTGACTCGCCTGAACAAAGGTCAAATGAGTGCACCGGTTCACTCTTCATTCGGCTGGCATTTAATCGAACTGCTGGATACCCGTAATGTCGATAAAACCGACGCTGCGCAGAAAGATCGTGCATACCGCATGCTGATGAACCGTAAGTTCTCGGAAGAAGCAGCAAGCTGGATGCAGGAACAACGTGCCAGCGCCTACGTTAAAATCCTGAGCAACTAA,Coding
ATGAAAAAACGTATCCCCACTCTCCTGGCCACCATGATTGCCACCGCCCTTTATAGTCAACAGGGACTGGCAGCCGACCTCGCCTCACAGTGCATGTTGGGCGTGCCAAGCTATGACCGTCCTCTGGTACAGGGCGATACCAATGACTTACCCGTGACTATCAATGCTGACCACGCGAAAGGGGACTACCCGGATGACGCCGTGTTTACTGGCAGCGTGGATATCATGCAGGGTAACAGCCGTCTGCAGGCCGACGAAGTGCAGCTCCATCAAAAAGAGGCACCAGGACAACCGGAGCCGGTACGTACCGTTGATGCGCTCGGTAATGTCCATTACGACGATAACCAGGTGATCCTCAAAGGGCCGAAAGGCTGGGCGAATCTGAACACCAAAGATACCAACGTCTGGGAAGGTGATTACCAGATGGTGGGTCGCCAGGGTCGCGGTAAAGCGGACCTGATGAAACAACGTGGCGAAAACCGCTATACCATTCTGGATAACGGTAGCTTTACCTCCTGTCTGCCGGGTTCTGACACCTGGAGCGTGGTAGGTAGCGAAATTATTCATGACCGCGAAGAACAAGTTGCGGAGATCTGGAACGCCCGCTTTAAGGTGGGTCCGGTACCGATCTTTTATAGCCCCTATTTGCAGTTGCCGGTGGGTGACAAACGTCGCTCTGGTTTCTTGATCCCGAACGCCAAGTACACCACCACCAACTACTTTGAGTTCTACCTGCCATATTACTGGAACATCGCGCCAAATATGGATGCCACCATCACGCCGCATTATATGCATCGTCGTGGCAACATCATGTGGGAGAACGAATTCCGCTACCTCTCCCAGGCGGGCGCTGGCTTGATGGAACTGGACTATCTGCCTTCAGATAAAGTCTATGAAGATGAACACCCGAACGATGACAGTTCACGTCGTTGGTTATTCTACTGGAACCACTCCGGGGTCATGGATCAGGTGTGGCGTTTCAACGTCGACTACACCAAGGTCAGCGATCCTAGCTACTTCAATGATTTCGATAACAAGTACGGTTCCAGTACTGACGGCTACGCAACGCAAAAATTCAGCGTTGGCTATGCGGTGCAAAACTTCAATGCCACCGTTTCAACCAAGCAGTTCCAGGTTTTCAGCGAACAGAACACCAGTAGCTACTCGGCAGAGCCGCAGTTAGACGTTAATTACTACCAGAATGATGTTGGTCCGTTTGATACGCGTATTTACGGCCAGGCAGTGCACTTTGTTAACACCAGAGACGACATGCCTGAAGCAACCCGTGTTCACCTGGAACCGACCATCAATTTGCCGCTCTCTAATAACTGGGGCAGCATCAATACCGAAGCGAAGTTGCTGGCAACCCATTATCAGCAAACCAATCTTGACTGGTATAACTCCAGAAACACGACCAAGCTGGACGAATCCGTTAACCGCGTAATGCCGCAATTCAAAGTTGACGGCAAAATGGTCTTTGAACGCGATATGGAAATGCTGGCTCCGGGTTATACCCAAACGCTGGAACCGCGCGCGCAGTATTTGTACGTGCCGTATCGCGATCAGAGCGACATCTATAACTACGACTCGTCTCTGCTGCAATCTGACTACTCTGGCCTGTTCCGGGACCGGACTTACGGCGGTCTTGACCGTATTGCCTCCGCTAACCAGGTGACGACCGGTGTCACATCTCGCATATATGATGATGCTGCCGTTGAACGTTTTAATATTTCCGTTGGTCAAATCTACTATTTCACGGAGTCTCGCACTGGCGATGACAACATAACATGGGAGAATGACGACAAAACGGGTTCACTGGTGTGGGCAGGCGATACTTACTGGCGTATCTCCGAGCGTTGGGGATTGCGTGGCGGGATTCAGTACGATACACGTCTGGATAACGTAGCGACCAGTAACTCCAGCATTGAATACCGTCGGGATGAAGACCGTCTGGTACAGCTGAATTACCGTTACGCCAGCCCGGAATATATTCAGGCTACGCTGCCTAAGTACTATTCCACTGCTGAGCAATATAAGAATGGTATTTCGCAGGTAGGTGCTGTCGCCAGCTGGCCAATTGCCGATCGTTGGTCCATTGTTGGGGCCTACTACTACGACACCAATGCTAACAAGCAAGCCGACTCTATGTTAGGTGTGCAATACAGCTCCTGCTGCTATGCAATTCGCGTCGGTTACGAGCGGAAGCTGAACGGTTGGGATAACGATAAACAACATGCGGTATATGACAACGCAATCGGCTTTAACATCGAACTTCGCGGCCTGAGCTCCAACTACGGTCTGGGTACGCAAGAGATGCTGCGTTCGAACATTCTGCCGTATCAAAACACTTTGTGA,Coding
ATGCAGTATTGGGGAAAAATCATTGGCGTGGCCGTGGCCTTACTGATGGGCGGCGGCTTTTGGGGCGTAGTGTTAGGCCTGTTAATTGGCCATATGTTTGATAAAGCCCGTAGCCGTAAAATGGCGTGGTTCGCCAACCAGCGTGAGCGTCAGGCGCTGTTTTTTGCCACCACTTTTGAAGTGATGGGGCATTTAACCAAATCCAAAGGTCGCGTCACGGAGGCTGATATTCATATCGCCAGCCAGTTGATGGACCGAATGAATCTTCATGGCGCTTCCCGTACTGCGGCGCAAAATGCGTTCCGGGTGGGAAAATCAGACAATTACCCGCTGCGCGAAAAGATGCGCCAGTTTCGCAGTGTCTGCTTTGGTCGTTTTGACTTAATTCGTATGTTTCTGGAGATCCAGATTCAGGCGGCGTTTGCTGATGGTTCACTGCACCCGAATGAACGGGCGGTGCTGTATGTCATTGCAGAAGAATTAGGGATCTCCCGCGCTCAGTTTGACCAGTTTTTGCGCATGATGCAGGGCGGTGCACAGTTTGGCGGCGGTTATCAGCAGCAAACTGGCGGTGGTAACTGGCAGCAAGCGCAGCGTGGCCCAACGCTGGAAGATGCCTGTAATGTGCTGGGCGTGAAGCCGACGGATGATGCGACCACCATCAAACGTGCCTACCGTAAGCTGATGAGTGAACACCATCCCGATAAGCTGGTGGCGAAAGGTTTGCCGCCTGAGATGATGGAGATGGCGAAGCAGAAAGCGCAGGAAATTCAGCAGGCATATGAGCTGATAAAGCAGCAGAAAGGGTTTAAATGA.Coding
ATGAAAGTATCAGTTCCAGGCATGCCGGTTACACTTTTAAATATGAGCAAGAACGATATTTATAAGATGGTGAGCGGGGACAAGATGGACGTGAAGATGAATATCTTTCAACGCTTGTGGGAGACGTTACGCCATCTGTTCTGGTCAGATAAACAGACTGAGGCTTATAAACTTCTGTTCAATTTCGTGAATAACCAGACTGGCAACATCAACGCCTCAGAATACTTTACTGGGGCTATCAACGAGAATGAGAGAGAAAAGTTTATCAATAGCCTGGAATTATTCAATAAACTTAAAACATGCGCAAAAAATCCGGATGAGTTGGTCGCAAAGGGCAATATGCGCTGGGTCGCCCAGACCTTCGGGGATATCGAGTTAAGTGTCACTTTTTTCATTGAAAAGAATAAGATATGTACTCAGACGTTGCAGCTGCATAAGGGCCAAGGTAACTTGGGCGTTGATCTTAGAAAGGCTTACCTTCCCGGCGTTGACATGAGGGATTGTTACCTTGGTAAAAAAACAATGAAAGGTAGCAATGATATCCTTTATGAGAGACCTGGGTGGAATGCTAACCTGGGCGTGCTACCCCGGACGGTGCTACCCCGGACGGTGCTAACCCGGACGGTGCTAACCTGGACGGTGCTACCGTGA,Coding
GTGAACGGTGCTACCTCCTTATATGATGAGGTAATTATTATTAATAAAATCCCCCCCAAAAAAATTGATACTAAAGGAGTTGCTACTGAAGAAGTTGCTACTAAAAAAGTACTGCTGAACAAATTACTGACAACGCAATTATTGAATGAGCCAGAATAA,Coding
ATGGGGATGGAAAACTACAATCCACCGCAGGAACCCTGGTTGGTTATCCTGTATCAGGATGACCATATTATGGTGGTCAACAAGCCGAGCGGTTTGTTGTCAGTGCCGGGTCGTCTGGAAGAGCACAAAGACAGCGTGATGACGCGCATTCAGCGTGATTATCCGCAGGCAGAATCGGTGCATCGTCTGGATATGGCTACCAGCGGCGTGATTGTAGTGGCGCTGACCAAAGCCGCGGAGCGGGAGTTAAAACGCCAGTTCCGCGAGCGCGAGCCGAAAAAGCAGTATGTGGCCCGCGTCTGGGGGCATCCATCCCCCGCAGAAGGTCTGGTGGATCTGCCGCTGATTTGCGACTGGCCAAACCGCCCGAAACAGAAAGTCTGTTACGAAACGGGTAAACCTGCGCAGACGGAATATGAAGTGGTGGAGTATGCGGCGGATAACACGGCAAGAGTGGTGTTAAAACCGATTACCGGGCGTTCGCATCAATTGCGTGTGCATATGCTGGCGCTGGGTCATCCGATTCTCGGCGATCGTTTTTATGCATCACCAGAAGCGAGAGCGATGGCACCACGTTTGTTGCTACATGCAGAGATGTTGACGATTACCCATCCGGCGTATGGCAATAGTATGACGTTTAAAGCGCCAGCGGATTTTTAA,Coding
ATGCCTTTTACACTTGGTCAACGCTGGATCAGCGATACAGAAAGCGAATTGGGACTTGGAACCGTTGTCGCGGTGGATGCGCGAACTGTCACTTTACTTTTCCCATCTACTGGTGAAAACCGTCTGTACGCACGCAGTGATTCCCCCGTGACCCGCGTGATGTTCAACCCTGGTGATACCATTACCAGCCATGACGGCTGGCAGATGCAAGTCGAAGAAGTAAAAGAAGAAAATGGCTTGCTGACCTATATCGGTACTCGCCTGGATACTGAAGAGTCCGGCGTAGCCCTGCGTGAAGTTTTCCTTGATAGCAAACTGGTGTTCAGCAAACCGCAGGACCGTCTGTTTGCCGGGCAGATTGACCGTATGGACCGCTTTGCGCTGCGTTATCGCGCGCGTAAATATTCCAGCGAACAGTTCCGTATGCCGTACAGCGGCCTGCGCGGTCAGCGTACCAGCCTGATCCCGCATCAGCTCAACATCGCTCATGATGTTGGTCGCCGCCACGCGCCGCGCGTCCTGCTGGCTGACGAAGTGGGTTTAGGGAAAACCATTGAAGCCGGGATGATCCTGCATCAGCAACTGCTCTCTGGCGCTGCTGAACGTGTGCTAATTATCGTCCCGGAAACCTTACAGCATCAGTGGCTGGTAGAAATGCTGCGCCGTTTCAACCTGCGCTTTGCGCTATTTGATGATGAGCGTTATGCCGAAGCTCAGCACGATGCTTACAACCCGTTTGACACCGAACAGCTGGTGATTTGCTCGCTGGATTTTGCCCGTCGTAGCAAACAGCGCCTGGAACATCTCTGTGAAGCCGAATGGGACCTGCTGGTGGTCGATGAAGCGCATCACCTGGTGTGGAGCGAAGATGCGCCAAGCCGTGAATATCAGGCCATTGAACAACTGGCAGAGCACGTGCCGGGCGTTCTGCTGCTGACCGCGACCCCGGAACAGCTGGGGATGGAAAGCCACTTCGCCCGTCTGCGTCTGCTGGACCCGAACCGTTTCCACGATTTTGCGCAGTTCGTTGAAGAGCAGAAAAATTATCGTCCGGTTGCGGACGCCGTTGCCATGCTGCTGGCAGGTAACAAACTGAGCAATGACGAACTGAACATGCTCGGCGAGATGATCGGCGAGCAGGATATCGAGCCGCTGTTGCAGGCAGCAAACAGCGACAGCGAAGATGCCCAGAGCGCCCGTCAGGAGCTGGTTTCGATGCTGATGGATCGCCACGGCACCAGCCGCGTGCTGTTCCGTAACACGCGTAACGGTGTGAAAGGATTCCCGAAACGCGAGCTGCACACCATTAAGCTGCCGCTACCGACGCAGTATCAGACGGCTATTAAAGTCTCCGGCATTATGGGCGCACGTAAAAGTGCGGAAGATCGTGCTCGCGATATGCTCTACCCGGAGCGTATTTATCAGGAATTTGAAGGTGATAACGCCACCTGGTGGAACTTCGATCCGCGCGTTGAGTGGCTGATGGGCTACCTGACCAGCCATCGCTCTCAGAAAGTGCTGGTGATCTGCGCCAAAGCTGCCACTGCGCTGCAACTGGAGCAGGTACTGCGCGAACGTGAAGGTATTCGCGCTGCGGTGTTCCACGAAGGTATGTCGATTATCGAACGTGACCGCGCTGCCGCCTGGTTTGCCGAAGAAGACACCGGCGCACAGGTACTGCTGTGCTCAGAAATCGGTTCTGAAGGACGTAACTTCCAGTTCGCCAGCCACATGGTGATGTTTGACCTGCCATTCAACCCGGATCTACTGGAGCAGCGTATTGGTCGTCTGGATCGTATCGGCCAGGCGCACGATATTCAGATCCATGTGCCTTATCTGGAGAAAACCGCTCAGTCGGTGCTGGTGCGCTGGTATCACGAAGGTCTGGATGCATTTGAGCACACCTGCCCGACCGGACGCACTATTTACGATAGCGTATACAACGATCTGATTAACTATCTGGCTTCACCGGATCAAACCGAAGGCTTTGACGATCTGATCAAAAACTGCCGCGAGCAACATGAAGCGCTGAAAGCACAGCTGGAACAGGGTCGTGACCGCCTGCTGGAAATCCACTCCAACGGTGGCGAAAAAGCCCAGGCACTGGCAGAAAGCATTGAAGAGCAGGATGACGATACCAACCTGATCGCCTTCGCCATGAACCTGTTCGATATTATCGGTATCAATCAGGACGATCGCGGCGACAACATGATCGTGCTGACGCCGTCCGATCATATGCTGGTGCCGGACTTCCCTGGCCTGTCGGAAGATGGCATCACCATCACCTTTGATCGTGAAGTGGCGCTGGCGCGTGAAGATGCACAGTTTATTACCTGGGAGCATCCGCTGATCCGCAACGGTCTGGATCTGATCCTTTCTGGCGATACCGGTAGCAGCACGATTTCACTGTTAAAAAACAAAGCGTTGCCGGTAGGTACGCTGTTGGTGGAACTGATTTATGTGGTTGAAGCCCAGGCTCCGAAGCAGTTGCAGCTCAACCGCTTCCTGCCACCGACGCCGGTACGTATGCTGCTGGATAAAAACGGCAACAACCTGGCGGCGCAGGTAGAGTTTGAAACCTTTAACCGCCAGCTTAACGCGGTTAACCGTCACACCGGCAGCAAACTGGTTAACGCCGTGCAGCAGGATGTTCACGCTATCCTTCAACTGGGTGAAGCGCAGATCGAGAAATCTGCCCGTGCATTGATTGATGCAGCGCGTAACGAAGCCGACGAAAAACTGTCTGCCGAGCTGTCTCGTCTGGAAGCTCTGCGTGCAGTGAACCCGAACATTCGTGACGACGAACTGACCGCCATTGAGAGCAACCGTCAGCAGGTAATGGAAAGCCTGGATCAGGCAGGTTGGCGTCTGGATGCCCTGCGTTTGATCGTTGTAACGCATCAGTAA,Coding
GTGGCGCAGGCAGGTTTTATCTTAACCCGACACTGGCGGGACACCCCGCAAGGGACAGAAGTCTCCTTCTGGCTGGCGACGGACAACGGGCCGTTGCAGGTTACGCTTGCACCGCAAGAGTCCGTGGCGTTTATTCCCGCCGATCAGGTTCCCCGCGCTCAGCATATTTTGCAGGGTGAACAAGGCTTTCGCCTGACACCGCTGGCGTTAAAGGATTTTCACCGCCAGCCGGTGTATGGCCTTTACTGTCGCGCCCATCGCCAATTGATGAATTACGAAAAGCGCCTGCGTGAAGGTGGCGTTACCGTCTACGAGGCCGATGTGCGTCCGCCAGAACGCTATCTGATGGAGCGGTTTATCACCTCACCGGTGTGGGTCGAGGGTGATATGCACAATGGCACTATCGTTAATGCCCGTCTGAAACCGCATCCCGACTATCGTCCGCCGCTCAAGTGGGTTTCTATAGATATTGAAACCACCCGCCACGGTGAGCTGTACTGCATCGGCCTGGAAGGCTGCGGGCAGCGCATCGTTTATATGCTGGGGCCGGAGAATGGCGACGCCTCCTCGCTTGATTTCGAACTGGAATACGTCGCCAGCCGCCCGCAGTTGCTGGAAAAACTCAACGCCTGGTTTGCCAACTACGATCCTGATGTGATCATCGGTTGGAACGTGGTGCAGTTCGATCTGCGAATGCTGCAAAAACATGCCGAGCGTTACCGTCTTCCGCTGCGTCTTGGGCGCGATAATAGCGAGCTGGAGTGGCGCGAGCACGGCTTTAAAAACGGCGTCTTTTTTGCCCAGGCTAAAGGTCGGCTAATTATCGACGGTATCGAGGCGCTGAAATCCGCGTTCTGGAATTTCTCTTCATTCTCGCTGGAAACTGTCGCTCAGGAGCTATTAGGCGAAGGAAAATCTATCGATAACCCGTGGGATCGAATGGACGAAATTGACCGCCGTTTCGCCGAAGATAAACCTGCGCTGGCAACTTATAACCTGAAAGATTGCGAGCTGGTGACGCAGATCTTCCACAAAACTGAAATCATGCCATTTTTACTCGAACGGGCAACGGTGAACGGCCTGCCGGTGGACCGACACGGCGGTTCGGTGGCGGCATTTGGTCATCTCTATTTTCCGCGAATGCATCGCGCTGGTTATGTCGCGCCTAATCTCGGCGAAGTGCCGCCGCACGCCAGCCCTGGCGGCTACGTGATGGATTCACGGCCAGGGCTTTATGATTCAGTGCTGGTGCTGGACTATAAAAGCCTGTACCCGTCGATCATCCGCACCTTTCTGATTGATCCCGTCGGGCTGGTGGAAGGCATGGCGCAGCCTGATCCAGAGCACAGTACCGAAGGTTTTCTCGATGCCTGGTTCTCGCGAGAAAAACATTGCCTGCCGGAGATTGTGACTAACATCTGGCACGGGCGCGATGAAGCCAAACGCCAGGGTAACAAACCGCTGTCGCAGGCGCTGAAAATCATCATGAATGCCTTTTATGGCGTGCTCGGCACCACCGCCTGCCGCTTCTTCGATCCGCGGCTGGCATCGTCGATCACCATGCGTGGTCATCAGATCATGCGGCAAACCAAAGCGTTGATTGAAGCACAGGGCTACGACGTTATCTACGGCGATACCGACTCAACGTTTGTCTGGCTGAAAGGCGCACATTCGGAAGAAGAAGCGGCGAAAATCGGTCGTGCACTGGTGCAGCACGTTAACGCCTGGTGGGCGGAAACGCTGCAAAAACAACGGCTGACCAGCGCATTAGAACTGGAGTATGAAACCCATTTCTGCCGTTTTCTGATGCCAACCATTCGCGGAGCCGATACCGGCAGTAAAAAGCGTTATGCCGGACTGATTCAGGAGGGCGACAAGCAGCGGATGGTGTTTAAAGGGCTGGAAACCGTGCGCACCGACTGGACGCCGCTGGCCCAGCAGTTTCAGCAGGAGCTATACCTGCGCATCTTCCGCAACGAGCCATATCAGGAATATGTACGCGAAACCATCGACAAACTGATGGCGGGTGAACTGGATGCGCGACTGGTTTACCGTAAACGCCTTCGCCGTCCGCTGAGCGAGTATCAGCGTAATGTGCCGCCTCATGTACGCGCCGCTCGCCTTGCCGATGAAGAAAACCAAAAGCGTGGTCGCCCCTTGCAATATCAGAATCGCGGCACCATTAAGTACGTATGGACCACCAACGGCCCGGAGCCGCTGGACTACCAACGTTCACCACTGGATTACGAACACTATCTGACCCGCCAGCTACAACCCGTGGCGGAGGGAATACTCCCTTTTATTGAGGATAATTTTGCTACACTTATGACCGGGCAACTTGGGCTATTTTGA,Coding
ATGTTAGAAGATCTCAAACGCCAGGTATTAGAAGCCAACCTGGCGCTGCCAAAACACAACCTGGTCACGCTCACATGGGGCAACGTCAGCGCCGTTGATCGCGAGCGCGGCGTCTTTGTGATCAAACCTTCCGGCGTCGATTACAGCGTCATGACCGCTGACGATATGGTCGTGGTTAGCATCGAAACCGGTGAAGTGGTTGAAGGTACGAAAAAGCCCTCCTCCGACACGCCAACTCACCGGCTGCTCTATCAGGCATTCCCCTCCATTGGCGGCATTGTGCATACGCACTCGCGCCACGCCACCATCTGGGCGCAGGCGGGTCAGTCGATTCCAGCAACCGGCACCACCCACGCCGACTATTTCTACGGCACCATTCCCTGCACCCGCAAAATGACCGACGCAGAAATCAACGGCGAATATGAGTGGGAAACCGGTAACGTCATCGTAGAAACCTTTGAAAAACAGGGTATCGATGCAGCGCAAATGCCCGGCGTTCTGGTCCATTCCCACGGCCCGTTTGCATGGGGCAAAAATGCCGAAGATGCGGTGCATAACGCCATCGTGCTGGAAGAGGTCGCTTATATGGGGATATTCTGCCGTCAGTTAGCGCCGCAGTTACCGGATATGCAGCAAACGCTGCTGGATAAACACTATCTGCGTAAGCATGGCGCGAAGGCATATTACGGGCAGTAA,Coding
ATGACGATTTTTGATAATTATGAAGTGTGGTTTGTCATTGGCAGCCAGCATCTGTATGGCCCGGAAACCCTGCGTCAGGTCACCCAACATGCCGAGCACGTCGTTAATGCGCTGAATACGGAAGCGAAACTGCCCTGCAAACTGGTGTTGAAACCGCTGGGCACCACGCCGGATGAAATCACCGCTATTTGCCGCGACGCGAATTACGACGATCGTTGCGCTGGTCTGGTGGTGTGGCTGCACACCTTCTCCCCGGCCAAAATGTGGATCAACGGCCTGACCATGCTCAACAAACCGTTGCTGCAATTCCACACCCAGTTCAACGCGGCGCTGCCGTGGGACAGTATCGATATGGACTTTATGAACCTGAACCAGACTGCACATGGCGGTCGCGAGTTCGGCTTCATTGGCGCGCGTATGCGTCAGCAACATGCCGTGGTTACCGGTCACTGGCAGGATAAACAAGCCCATGAGCGTATCGGCTCCTGGATGCGTCAGGCGGTCTCTAAACAGGATACCCGTCATCTGAAAGTCTGCCGATTTGGCGATAACATGCGTGAAGTGGCGGTCACCGATGGCGATAAAGTTGCCGCACAGATCAAGTTCGGTTTCTCCGTCAATACCTGGGCGGTTGGCGATCTGGTGCAGGTGGTGAACTCCATCAGCGACGGCGATGTTAACGCGCTGGTCGATGAGTACGAAAGCTGCTACACCATGACGCCTGCCACACAAATCCACGGCAAAAAACGACAGAACGTGCTGGAAGCGGCGCGTATTGAGCTGGGGATGAAGCGTTTCCTGGAACAAGGTGGCTTCCACGCGTTCACCACCACCTTTGAAGATTTGCACGGTCTGAAACAGCTTCCTGGTCTGGCCGTACAGCGTCTGATGCAGCAGGGTTACGGCTTTGCGGGCGAAGGCGACTGGAAAACTGCCGCCCTGCTTCGCATCATGAAGGTGATGTCAACCGGTCTGCAGGGCGGCACCTCCTTTATGGAGGACTACACCTATCACTTCGAGAAAGGTAATGACCTGGTGCTCGGCTCCCATATGCTGGAAGTCTGCCCGTCGATCGCCGCAGAAGAGAAACCGATCCTCGACGTTCAGCATCTCGGTATTGGTGGTAAGGACGATCCTGCCCGCCTGATCTTCAATACCCAAACCGGCCCAGCGATTGTCGCCAGCTTGATTGATCTCGGCGATCGTTACCGTCTACTGGTTAACTGCATCGACACGGTGAAAACACCGCACTCCCTGCCGAAACTGCCGGTGGCGAATGCGCTGTGGAAAGCGCAACCGGATCTGCCAACTGCTTCCGAAGCGTGGATCCTCGCTGGTGGCGCGCACCATACCGTCTTCAGCCATGCACTGAACCTCAACGATATGCGCCAATTCGCCGAGATGCACGACATTGAAATCACGGTGATTGATAACGACACACGCCTGCCAGCGTTTAAAGACGCGCTGCGCTGGAACGAAGTGTATTACGGGTTTCGTCGCTAA,Coding
ATGGCGATTGCAATTGGCCTCGATTTTGGCAGTGATTCTGTGCGAGCTTTGGCGGTGGACTGCGCTACCGGTGAAGAGATCGCCACCAGCGTAGAGTGGTATCCCCGTTGGCAGAAAGGGCAATTTTGTGATGCCCCGAATAACCAGTTCCGTCATCATCCGCGTGACTACATTGAGTCAATGGAAGCGGCACTGAAAACCGTGCTTGCAGAGCTTAGCGTCGAACAGCGCGCAGCTGTGGTCGGGATTGGCGTTGACAGTACCGGCTCGACGCCCGCACCGATTGATGCCGACGGAAACGTGCTGGCGCTGCGCCCGGAGTTTGCCGAAAACCCGAACGCGATGTTCGTATTGTGGAAAGACCACACTGCGGTTGAAGAAGCGGAAGAGATTACCCGTTTGTGCCACGCGCCGGGCAACGTTGACTACTCCCGCTACATTGGTGGTATTTATTCCAGCGAATGGTTCTGGGCAAAAATCCTGCATGTGACTCGCCAGGACAGCGCCGTGGCGCAATCTGCCGCATCGTGGATTGAGCTGTGCGACTGGGTGCCAGCTCTGCTTTCCGGTACCACCCGCCCGCAGGATATTCGTCGCGGACGTTGCAGCGCCGGGCATAAATCTCTGTGGCACGAAAGCTGGGGCGGCCTGCCGCCAGCCAGTTTCTTTGATGAGCTGGACCCGATCCTCAATCGCCATTTGCCTTCCCCGCTGTTCACTGACACTTGGACTGCCGATATTCCGGTGGGCACCTTATGCCCGGAATGGGCGCAGCGTCTCGGCCTGCCTGAAAGCGTGGTGATTTCCGGCGGCGCGTTTGACTGCCATATGGGCGCAGTTGGCGCAGGCGCACAGCCTAACGCACTGGTAAAAGTTATCGGTACTTCCACCTGCGACATTCTGATTGCCGACAAACAGAGCGTTGGCGAGCGGGCAGTTAAAGGTATTTGCGGTCAGGTTGATGGCAGCGTGGTGCCTGGATTTATCGGTCTGGAAGCAGGCCAATCGGCGTTTGGTGATATCTACGCCTGGTTTGGTCGCGTACTCGGCTGGCCGCTGGAACAGCTTGCCGCCCAGCATCCGGAACTGAAAACGCAAATCAACGCCAGCCAGAAACAACTGCTTCCGGCGCTGACCGAAGCATGGGCCAAAAATCCGTCTCTGGATCACCTGCCGGTGGTGCTCGACTGGTTTAACGGCCGCCGCACACCGAACGCTAACCAACGCCTGAAAGGGGTGATTACCGATCTTAACCTCGCTACCGACGCTCCGCTGCTGTTCGGCGGTTTGATTGCTGCCACCGCCTTTGGCGCACGCGCAATCATGGAGTGCTTTACCGATCAGGGGATCGCCGTTAATAACGTGATGGCACTGGGCGGCATCGCGCGGAAAAACCAGGTCATTATGCAGGCCTGCTGCGACGTGCTGAATCGCCCGCTGCAAATTGTTGCCTCTGACCAGTGCTGTGCGCTCGGTGCGGCGATTTTTGCTGCCGTCGCCGCGAAAGTGCACGCAGACATCCCATCAGCTCAGCAAAAAATGGCCAGTGCGGTAGAGAAAACCCTGCAACCGTGCAGCGAGCAGGCACAACGCTTTGAACAGCTTTATCGCCGCTATCAGCAATGGGCGATGAGCGCCGAACAACACTATCTTCCAACTTCCGCCCCGGCACAGGCTGCCCAGGCCGTTGCGACTCTATAA,Coding
ATGGCTGAAGCGCAAAATGATCCCCTGCTGCCGGGATACTCGTTTAACGCCCATCTGGTGGCGGGTTTAACGCCGATTGAGGCCAACGGTTATCTCGATTTTTTTATCGACCGACCGCTGGGAATGAAAGGTTATATTCTCAATCTCACCATTCGCGGTCAGGGGGTGGTGAAAAATCAGGGACGAGAATTTGTCTGCCGACCGGGTGATATTTTGCTGTTCCCGCCAGGAGAGATTCATCACTACGGTCGTCATCCGGAGGCTCGCGAATGGTATCACCAGTGGGTTTACTTTCGTCCGCGCGCCTACTGGCATGAATGGCTTAACTGGCCGTCAATATTTGCCAATACGGGTTTCTTTCGCCCGGATGAAGCGCACCAGCCGCATTTCAGCGACCTGTTTGGGCAAATCATTAACGCCGGGCAAGGGGAAGGGCGCTATTCGGAGCTGCTGGCGATAAATCTGCTTGAGCAATTGTTACTGCGGCGCATGGAAGCGATTAACGAGTCGCTCCATCCACCGATGGATAATCGGGTACGCGAGGCTTGTCAGTACATCAGCGATCACCTGGCAGACAGCAATTTTGATATCGCCAGCGTCGCACAGCATGTTTGCTTGTCGCCGTCGCGTCTGTCACATCTTTTCCGCCAGCAGTTAGGGATTAGCGTCTTAAGCTGGCGCGAGGACCAACGCATTAGTCAGGCGAAGCTGCTTTTGAGCACTACCCGGATGCCTATCGCCACCGTCGGTCGCAATGTTGGTTTTGACGATCAACTCTATTTCTCGCGAGTATTTAAAAAATGCACCGGGGCCAGCCCGAGCGAGTTTCGTGCCGGTTGTGAAGAAAAAGTGAATGATGTAGCCGTCAAGTTGTCATAA,Coding
ATGCAAGCATTGCTGGAACACTTTATTACCCAATCCACCGTGTATTCATTGATGGCGGTGGTGTTGGTGGCCTTTCTGGAGTCGCTGGCGCTGGTCGGTTTGATTCTACCCGGTACGGTGCTGATGGCGGGGCTGGGAGCGCTGATTGGCAGCGGCGAGTTAAGTTTCTGGCACGCCTGGCTGGCAGGGATTATTGGCTGCTTGATGGGCGACTGGATTTCTTTCTGGCTGGGTTGGCGTTTTAAAAAGCCGTTGCATCGCTGGTCATTTCTGAAGAAAAACAAAGCACTACTTGATAAAACTGAACATGCGTTGCATCAACACAGCATGTTCACCATTCTGGTCGGTCGTTTTGTTGGCCCGACGCGTCCGCTGGTGCCAATGGTGGCGGGAATGCTGGATCTGCCGGTGGCTAAATTTATTACGCCGAATATTATCGGCTGCCTGCTGTGGCCGCCGTTTTACTTCCTGCCAGGGATTCTGGCGGGCGCGGCGATCGATATTCCTGCCGGAATGCAGAGCGGTGAGTTTAAATGGTTGCTGCTGGCAACAGCGGTGTTTTTGTGGGTTGGTGGCTGGCTGTGCTGGCGGTTATGGCGCAGCGGTAAAGCGACTGACCGTTTGAGTCATTATTTGTCCCGCGGTCGTTTGTTGTGGCTGACGCCGTTGATTTCTGCCATCGGCGTGGTGGCGCTGGTGGTGTTAATTCGCCACCCGTTGATGCCGGTGTATATCGATATTTTGCGTAAAGTGGTTGGGGTTTAG,Coding
ATGTTAAAACTGACTGATATCACCTGGCTTTACCACCATTTGCCGATGCGTTTTAGCTTAACGGTGGAACGCGGCGAGCAGGTGGCGATCCTCGGGCCAAGCGGCGCGGGTAAAAGTACCCTGCTGAATTTGATCGCCGGTTTTCTGACGCCAGCCAGCGGTTCGCTGACTATCGATGGCGTAGATCACACAACTATGCCGCCGTCACGCCGTCCGGTGTCGATGCTGTTTCAGGAGAACAACCTGTTCAGCCACCTGACGGTCGCACAGAACATCGGGCTGGGGCTAAATCCGGGATTGAAACTGAACGCGGTACAGCAGGGGAAAATGCACGCTATCGCCCGCCAGATGGGGATTGATAATTTAATGGCGCGGTTACCGGGCGAGCTTTCCGGCGGTCAGCGACAGCGAGTGGCGTTAGCGCGTTGTCTGGTACGCGAACAGCCGATTTTATTGCTCGATGAACCGTTCTCTGCGCTCGATCCGGCGTTACGTCAGGAGATGTTGACGCTGGTGAGCACGAGCTGCCAGCAGCAAAAAATGACGCTATTGATGGTGTCGCACAGCGTGGAAGATGCGGCGCGGATCGCCACGCGCTCGGTAGTAGTCGCCGACGGGCGCATCGCCTGGCAGGGTATGACCAATGAGTTGTTGAGCGGTAAGGCGAGTGCTTCGGCACTATTGGGGATTACGGGTTAG,Coding
ATGGCAACGCGCCGTCAGCCGTTAATTCCCGGCTGGTTAATTCCAGGTGTAAGCGCCACCACGCTGGTGGTAGCGGTTGCGCTGGCGGCGTTTCTCGCCCTGTGGTGGAACGCGCCGCAGGATGACTGGGTGGCAGTCTGGCAGGACAGCTATCTGTGGCATGTGGTGCGCTTCTCCTTCTGGCAGGCGTTTCTCTCGGCACTGCTCTCTGTCATACCCGCGATATTCCTCGCCCGCGCGCTCTATCGCAGGCGCTTTCCGGGTCGGCTGGCGCTGTTGCGTCTGTGTGCAATGACCTTGATCCTCCCGGTGTTGGTCGCTGTTTTCGGCATTCTTAGCGTCTATGGTCGCCAGGGCTGGCTGGCAACACTCTGCCAATCGCTCGGTCTGGAGTGGACCTTTTCGCCCTACGGCCTGCAAGGTATTTTGCTGGCCCATGTGTTTTTTAATCTGCCGATGGCGAGCCGCTTATTACTCCAGGCACTGGAAAACATCCCCGGCGAACAGCGTCAACTTGCCGCCCAGCTTGGGATGCGTAGCTGGCATTTTTTCCGCTTCGTCGAATGGCCGTGGTTACGGCGACAAATCCCGCCGGTTGCTGCGCTTATCTTTATGCTCTGTTTCGCCAGCTTCGCCACCGTGCTATCGCTGGGGGGCGGTCCGCAGGCGACCACTATCGAGCTGGCAATCTATCAGGCGCTGAGTTACGACTACGATCCTGCCCGCGCGGCAATGCTGGCGCTGCTCCAGATGGTGTGCTGCCTCGGGCTGGTGCTGTTGAGTCAGCGATTGAGTAAGGCCATTGCGCCCGGCACCACGCTGCTGCAAGGCTGGCGCGACCCGGACGATCGTCTGCATAGCCGCATTTGCGACACGGTGTTAATTGTGCTGGCGCTGCTGCTGTTGCTGCCACCGTTACTGGCGGTGATCGTCGATGGGGTAAATCGCCAGTTGCCGGAAGTGCTGGCACAACCGGTGCTGTGGCAGGCGCTGTGGACCTCGTTGCGTATTGCGCTGGCGGCAGGTGTATTGTGCGTAGTGCTGACCATGATGCTGCTATGGAGCAGTCGCGAACTGCGGGCGCGGCAGAAAATGCTGGCGGGTCAGGTGCTGGAGATGAGCGGCATGTTGATCCTCGCCATGCCGGGGATTGTGCTGGCTACCGGCTTCTTTTTACTGCTCAACAACACTATCGGCCTGCCACAATCTGCTGACGGCATTGTGATTTTCACCAATGCGTTAATGGCGATCCCTTATGCGCTGAAAGTGCTGGAAAACCCGATGCGCGATATCACCGCCCGCTACAGCATGTTATGTCAGTCGCTGGGGATTGAAGGCTGGTCACGCTTAAAAGTGGTGGAGCTGCGCGCCCTGAAACGTCCACTGGCGCAGGCGCTGGCCTTTGCATGCGTGCTGTCGATTGGTGATTTTGGCGTGGTGGCGTTGTTCGGTAACGATGATTTCCGCACCCTGCCGTTTTATCTCTACCAGCAAATTGGCTCCTATCGCAGCCAGGACGGTGCGGTCACCGCGTTAATTCTGCTGCTGCTCTGTTTTCTGCTGTTTACCGTGATTGAAAAACTACCGGGGCGAAATGTTAAAACTGACTGA,Coding
GTGTTAAAAAAATGTCTGCCCCTGCTGTTGCTGTGCACAGCGCCCGTTTTCGCTAAACCCGTTCTGACTGTTTATACCTACGATTCCTTCGCCGCCGACTGGGGGCCTGGTCCGGTGGTTAAAAAAGCCTTTGAAGCCGACTGTAATTGCGAACTGAAACTGGTGGCGCTGGAAGATGGCGTTTCGCTTCTCAACCGTCTACGGATGGAAGGCAAAAACAGTAAAGCCGATGTGGTGCTGGGGCTGGATAACAACCTGTTAGACGCCGCCAGTAAAACCGGACTGTTTGCCAAAAGCGGTGTGGCAGCGGATGCCGTTAACGTTCCCGGCGGCTGGAATAATGACACTTTCGTACCGTTTGATTATGGCTACTTCGCCTTCGTTTATGACAAGAACAAACTGAAAAACCCGCCACAAAGCCTGAAAGAACTGGTTGAGAGCGATCAAAACTGGCGGGTGATTTATCAGGATCCGCGCACCAGTACACCGGGGCTGGGTCTGTTGCTATGGATGCAAAAAGTCTATGGCGATGACGCCCCACAAGCCTGGCAGAAACTGGCGAAGAAAACGGTCACGGTCACCAAAGGCTGGAGCGAAGCCTACGGCCTGTTTTTAAAAGGTGAAAGCGATCTGGTACTGAGTTACACCACCTCTCCGGCTTATCACATTCTCGAAGAGAAGAAAGATAACTACGCCGCCGCGAACTTCAGCGAAGGTCACTATCTGCAAGTGGAAGTCGCCGCCCGCACCGCTGCCAGCAAGCAGCCGGAGCTGGCGCAAAAATTCCTCCAGTTTATGGTTTCTCCGGCTTTCCAGAATGCGATCCCAACCGGCAACTGGATGTATCCGGTGGCAAACGTCACGCTGCCTGCCGGTTTTGAAAAATTGACCAAACCCGCAACCACGTTGGAGTTCACGCCAGCCGAAGTGGCGGCACAACGTCAGGCATGGATTAGCGAATGGCAACGCGCCGTCAGCCGTTAA,Coding
ATGCCATCTGCTCGTCTGCAACAACAGTTCATCCGCCTGTGGCAATGCTGCGAGGGTAAATCGCAGGACACAACGCTCAACGAACTGGCAGCGTTATTGAGCTGCTCGCGTCGTCATATGCGCACCCTGCTCAACACCATGCAGGATCGCGGCTGGCTGACGTGGGAAGCGGAAGTCGGGCGCGGTAAACGCTCGCGTCTGACATTCCTCTATACCGGGCTGGCGCTTCAGCAACAGCGGGCGGAAGACCTGCTGGAGCAGGATCGTATCGATCAACTGGTGCAGTTGGTTGGCGACAAAGCGACTGTGCGGCAAATGCTGGTTTCTCATCTGGGCCGCAGCTTCCGCCAGGGGCGGCACATCCTGCGCGTGCTCTACTATCGTCCGTTGCGTAATCTGCTACCTGGCAGCGCATTGCGCCGTTCCGAAACCCATATCGCCCGGCAAATCTTCAGTTCGCTAACGCGCATAAATGAGGAAAATGGGGAACTGGAAGCAGACATCGCCCACCACTGGCAGCAAATTTCACCGCTTCACTGGCGTTTCTTTTTGCGTCCAGGAGTCCATTTTCACCATGGTCGTGAACTGGAAATGGACGATGTGATCGCCTCTTTAAAACGAATCAATACGCTGCCGCTCTATTCGCATATTGCTGACATTGTGTCGCCGACGCCCTGGACGCTGGATATCCATCTCACGCAACCGGACCGCTGGTTACCGTTACTGCTGGGGCAAGTTCCGGCGATGATCCTGCCGCGCGAATGGGAAACCCTCAGTAACTTTGCCAGCCATCCCATCGGCACCGGTCCGTATGCGGTGATTCGCAACAGCACCAATCAACTGAAAATTCAGGCATTCGATGACTTCTTCGGTTACCGGGCATTAATCGACGAAGTTAACGTCTGGGTTCTGCCGGAAATTGCCGACGAGCCAGCCGGAGGGCTGATGCTAAAAGGTCCACAGGGCGAGGAAAAAGAGATTGAAAGCCGCCTGGAGGAAGGTTGCTACTATTTACTGTTCGACAGCCGCACCCATCGCGGGGCGAATCAGCAAGTCAGGGACTGGGTAAGCTATGTGCTTTCTCCAACTAATCTGGTCTATTTCGCTGAGGAACAGTACCAGCAACTGTGGTTCCCGGCTTATGGACTGCTCCCCCGTTGGCACCATGCCCGCACCATAAAGAGCGAAAAACCGGCTGGCCTGGAAAGCCTCACCCTAACCTTTTATCAGGATCACAGTGAGCATCGGGTGATTGCCGGGATCATGCAGCAGATTCTGGCAAGTCACCAGGTCACGCTGAAAATCAAAGAGATCGACTACGATCAGTGGCATACAGGAGAGATCGAAAGTGATATCTGGCTAAACAGCGCCAACTTTACCCTGCCGCTGGACTTCTCTGTTTTCGCACATTTATGCGAAGTGCCACTGCTACAACATTGCATTCCCATTGACTGGCAAGCCGACGCTGCTCGCTGGCGCAATGGCGAGATGAATCTGGCGAACTGGTGCCAGCAACTGGTCGCCAGCAAAGCGATGGTGCCATTATTGCACCACTGGCTGATCATTCAGGGGCAACGCAGTATGCGCGGCCTGCGCATGAATACCCTCGGCTGGTTCGATTTTAAATCAGCGTGGTTTGCGCCACCGGATCCATGA,Coding
ATGCGTCAGTTTTATCAGCACTATTTTACCGCGACAGCGAAGTTGTGCTGGTTGCGTTGGTTAAGCGTCCCACAACGATTAACCATGCTTGAAGGACTGATGCAGTGGGATGACCGCAATTCTGAAAGTTGA,Coding
ATGATCTGGATAATGACGATGGCTCGCCGTATGAACGGTGTTTACGCGGCATTTATGCTGGTCGCTTTTATGATGGGGGTGGCCGGGGCGCTACAGGCTCCTACATTGAGCTTATTTCTGAGTCGTGAGGTTGGCGCGCAACCTTTCTGGATCGGCCTCTTTTATACGGTGAATGCTATTGCTGGGATCGGCGTAAGCCTCTGGTTGGCAAAACGTTCTGACAGTCAGGGCGATCGGCGAAAACTGATTATATTTTGCTGTTTGATGGCTATCGGCAATGCGCTATTGTTTGCATTTAATCGTCATTATCTGACGCTTATCACCTGTGGTGTGCTTCTGGCATCTCTGGCCAATACGGCAATGCCACAGTTATTTGCTCTGGCGCGGGAATATGCGGATAACTCGGCGCGAGAAGTGGTGATGTTTAGCTCGGTGATGCGTGCGCAGCTTTCTCTGGCATGGGTTATCGGTCCACCGTTGGCCTTTATGCTGGCGTTGAATTACGGCTTTACGGTGATGTTTTCGATTGCCGCCGGGATATTCACACTCAGTCTGGTATTGATTGCATTTATGCTTCCGTCTGTGGCGCGGGTAGAACTGCCGTCGGAAAATGCTTTATCAATGCAAGGTGGCTGGCAGGATAGTAACGTACGGATGTTATTTGTCGCCTCGACGTTAATGTGGACCTGCAACACCATGTACATTATTGATATGCCGTTGTGGATCAGTAGCGAGTTAGGATTGCCAGACAAACTGGCGGGTTTCCTGATGGGGACGGCAGCTGGACTGGAAATACCAGCAATGATTCTGGCTGGCTACTATGTCAAACGTTATGGTAAGCGGCGAATGATGGTCATAGCAGTGGCGGCAGGAGTACTGTTTTACACCGGATTGATTTTCTTTAATAGCCGTATGGCGTTGATGACGCTGCAACTTTTTAACGCTGTATTTATCGGCATTGTTGCGGGTATTGGGATGCTATGGTTTCAGGATTTAATGCCTGGAAGAGCGGGGGCAGCTACCACCTTATTTACTAACAGTATTTCTACCGGGGTAATTCTGGCTGGCGTTATTCAGGGAGCAATTGCACAAAGTTGGGGGCACTTTGCTGTCTACTGGGTAATTGCGGTTATTTCTGTTGTCGCATTATTTTTAACCGCAAAGGTTAAAGACGTTTGA,Coding
ATGGCAGAGAAATTTATCAAACACACAGGCCTGGTGGTTCCGCTGGATGCCGCCAATGTCGATACCGATGCAATCATCCCGAAACAGTTTTTGCAGAAAGTGACCCGTACGGGTTTTGGCGCGCATCTGTTTAACGACTGGCGTTTTCTGGATGAAAAAGGCCAACAGCCAAACCCGGACTTCGTGCTGAACTTCCCGCAGTATCAGGGCGCTTCCATTTTGCTGGCACGAGAAAACTTCGGCTGTGGCTCTTCGCGTGAGCACGCGCCCTGGGCATTGACCGACTACGGTTTTAAAGTGGTGATTGCGCCGAGTTTTGCTGACATCTTCTACGGCAATAGCTTTAACAACCAGCTGCTGCCGGTGAAATTAAGCGATGCAGAAGTGGACGAACTGTTTGCGCTGGTGAAAGCTAATCCGGGGATCCATTTCGACGTGGATCTGGAAGCGCAAGAGGTGAAAGCGGGAGAGAAAACCTATCGCTTTACCATCGATGCCTTCCGCCGCCACTGCATGATGAACGGTCTGGACAGTATTGGGCTTACCTTGCAGCACGACGACGCCATTGCCGCTTATGAAGCAAAACAACCTGCGTTTATGAATTAA,Coding
